Company_ID,Review_ID
01HQXAVCP7R68RR0B5NDGPA5X3,01HR06F991G1R0A01DSJP487NP
01HQXAVCPYPZAJ1RXPRQ2AKJ8R,01HR06F992CEC2M2VE3DVXHRNX
01HQXAVCPYPZAJ1RXPRQ2AKJ8R,01HR06F992C63BNDD9K5ANB3QQ
01HQXAVCN8VXP9C1V57PE1HPQR,01HR06F9929KVQZWKPE26HXDJ2
01HQXAVCQZCA5ZG53H7RDGSZB6,01HR06F992YFEWZX5058TFCHDH
01HQXAVCN7HH0WQZNJ0M6K1FGX,01HR06F993TDJ6SSTPPF75HSDC
01HQXAVCP7R68RR0B5NDGPA5X3,01HR06F9938J49G4Q41D43X9KF
01HQXAVCNBKN0CBZQSF174MSQZ,01HR06F993ATT727RJFWC3T2RP
01HQXAVCN7HH0WQZNJ0M6K1FGX,01HR06F99338376YGGF3Y5YJN7
01HQXAVCQ1DRTG1YMW8WA8QGSG,01HR06F994BFC58DGRTC4TFWBJ
01HQXAVCP08MRH4R1PGJXKFTEP,01HR06F994PM40RF1SER0SDP2T
01HQXAVCP08MRH4R1PGJXKFTEP,01HR06F994MJBZX297DMK6JQZ5
01HQXAVCPXJ816ASSR2X3BE7E5,01HR06F995HNF1D1F1WNHWP822
01HQXAVCQWSCW643CDX2D66NCW,01HR06F995Q21FH337449QF23W
01HQXAVCNKDQFHKJR9FKMNGFEN,01HR06F995256DPGREQ3HRY2VW
01HQXAVCPYPZAJ1RXPRQ2AKJ8R,01HR06F9953PKW3S9BTK651NRZ
01HQXAVCPYPZAJ1RXPRQ2AKJ8R,01HR06F9958X1BNG74Z1NPNEEZ
01HQXAVCNN0KQNX7HPCNXSVEAQ,01HR06F9963MP1S92R8W2C3VP5
01HQXAVCN2ZQQYP6WYSZWQAX5J,01HR06F996T5C3D3V5RBTG7B3K
01HQXAVCNBKN0CBZQSF174MSQZ,01HR06F996ZTMYPF19FVQPCTB2
01HQXAVCNCFG2EM5M4HC7S7774,01HR06F996GDATZDN0W5FARDY6
01HQXAVCPZME3ZB5VC7EHV8MXG,01HR06F997XCE8HKRV9REWE9XJ
01HQXAVCPXJ816ASSR2X3BE7E5,01HR06F997C7WESJDCW6GE17CM
01HQXAVCQD3VP309KE1W95FREM,01HR06F997TP3A38M8SFASVE1Q
01HQXAVCN2ZQQYP6WYSZWQAX5J,01HR06F9983FGW0DX9PS69HDFT
01HQXAVCNJJEC9KENS9JPXRJ4P,01HR06F99853QTT99T76PG8B93
01HQXAVCQ6JA8GYDNJAAEAQXAQ,01HR06F998TWSDA1JXBAWVVK2Q
01HQXAVCQ1DRTG1YMW8WA8QGSG,01HR06F9986WB2SE45CAFQ4SM5
01HQXAVCQ65NQQBYB9NWGCBS05,01HR06F998005WGV0PCJ1XGHEF
01HQXAVCP08MRH4R1PGJXKFTEP,01HR06F99883Q7NJCZX7PHFS2J
01HQXAVCPN0ZBX3E5TNJ18S7WZ,01HR06F998E1CN21FEAS3CVMD9
01HQXAVCQ5D7ZWTXG117VS0WH2,01HR06F9980QPSEBWF90YHJ9ZF
01HQXAVCQWSCW643CDX2D66NCW,01HR06F999WKYYXNBP37NM6NZX
01HQXAVCMZWP3AR7WDCNQR8KSX,01HR06F999ZYYBAR6TSF0CCDVT
01HQXAVCQ1DRTG1YMW8WA8QGSG,01HR06F9996XEQ1R8BBNFCX1WX
01HQXAVCQ4H3BW127B2HYHPV42,01HR06F99AZZWB90AX2R00NQR0
01HQXAVCPN0ZBX3E5TNJ18S7WZ,01HR06F99AZ3E7FBV656FVW3PN
01HQXAVCQ6JA8GYDNJAAEAQXAQ,01HR06F99ANA7CDYB2E85PP3HG
01HQXAVCQXSGXVX2RPBC80RQZE,01HR06F99A9BWNA2236CG1M393
01HQXAVCQ7SQ7NE6T3PZVRETRV,01HR06F99BBRWMRM43NW9QNY25
01HQXAVCNCFG2EM5M4HC7S7774,01HR06F99BXWA5WJV5SWQCR673
01HQXAVCPG111WSGGY62H9Y7TN,01HR06F99BZE3A1PXFNQD8VGFW
01HQXAVCQGTAYWCG9CTXDRHJ71,01HR06F99BPNFDRPZNBBV5SH87
01HQXAVCQ5D7ZWTXG117VS0WH2,01HR06F99CV6FG3VNMKHZXVB5F
01HQXAVCQGTAYWCG9CTXDRHJ71,01HR06F99C3C1WNYC37TRE9HFC
01HQXAVCQZCA5ZG53H7RDGSZB6,01HR06F99CEHBY8WS7D47P1B3K
01HQXAVCQ6JA8GYDNJAAEAQXAQ,01HR06F99CW6EFC9F1K4DPV5YS
01HQXAVCNKDQFHKJR9FKMNGFEN,01HR06F99C54X63ZE7104K4WZE
01HQXAVCNPY0PQJ9M34AQ2HP86,01HR06F99CER3YMZJKJS4FAFJ6
01HQXAVCPJ218ZA3GJA08BR1B6,01HR06F99CS2TAE118VRWE03WW
