Employee_ID,Name,Job Title,Department,Company_ID
01HQ9SN558SBTGP3CJ0SFCNX58,Johan Debold,Design Engineer,Accounting,01HQXAVCPF9HSK69PV79GSN4KC
01HQ9SN559DXNCX8PZGSPX86DQ,Aaron Janicki,Payment Adjustment Coordinator,Accounting,01HQXAVCMZ5QWT82TXMH57Y77A
01HQ9SN55ADXDE35WM2X25FRFN,Atalanta Watting,Marketing Manager,Business Development,01HQXAVCQ7MCQRSSZ85YNH3HH6
01HQ9SN55BJ68WCF69VZ75WN9D,Kippie Caple,Director of Sales,Support,01HQXAVCPSKAXASJN6YGBXPJ44
01HQ9SN55B1AQ4A44XRSQYVQ4B,Francklyn Jansey,Administrative Officer,Sales,01HQXAVCN13C9848XTXCNHZCC0
01HQ9SN55CM0PT3N8C0J6XQTJ5,Evelin Hallifax,Director of Sales,Accounting,01HQXAVCN0W99RMJMCYW6YEAQH
01HQ9SN55DSTAKY5TC7222GKPW,Philomena Leaburn,Research Associate,Training,01HQXAVCPK01K1ME2405MXMVE3
01HQ9SN55DS5T0AQZT0C2K369K,Ruthie Geeve,Junior Executive,Sales,01HQXAVCNPY0PQJ9M34AQ2HP86
01HQ9SN55EC64ZXMBWGCHBT3R1,Emmanuel Vevers,Structural Engineer,Business Development,01HQXAVCQXFD2JTZABM2FJESBQ
01HQ9SN55FXJAPFVZ6T3K166B3,Napoleon Willimont,Mechanical Systems Engineer,Marketing,01HQXAVCQXSGXVX2RPBC80RQZE
01HQ9SN55G3NXQ4NKDXWXESEHT,Erick Studders,Systems Administrator I,Services,01HQXAVCP3TY3761AEZR163Z4T
01HQ9SN55GT9CJWN23PHZF87H1,Cosimo Allsup,Business Systems Development Analyst,Research and Development,01HQXAVCQHB5ZJHP91FE26SXGE
01HQ9SN55HSER5KEBNJ9TD7RYV,Danell Anespie,Nurse,Accounting,01HQXAVCPA1950R98FJ3F7B0V4
01HQ9SN55J8WR6Z4CKHSVC6Z6G,Morley Wedgwood,Human Resources Assistant II,Research and Development,01HQXAVCQ02365QPRJ62VXC478
01HQ9SN55JBBZHV66TPRYQAJ73,Tony Dufall,Associate Professor,Training,01HQXAVCN47J7W4VJFTW7HKBJM
01HQ9SN55KPA3Z23QA8CC1P5E8,Giff Slessar,Librarian,Legal,01HQXAVCP216S8X1ZN9GC7KQPJ
01HQ9SN55MAC0BMJ76RKM1RXWJ,Delphinia Kemetz,Programmer II,Support,01HQXAVCQ4B0RVZV5PQMRF2228
01HQ9SN55N6YJ1KDV46N18KGME,Upton Stitle,Staff Accountant II,Engineering,01HQXAVCQBFE4PKXX3J4JTNYFN
01HQ9SN55NS081358WNED5KB7K,Audrie Shone,Quality Engineer,Training,01HQXAVCQHTVKE950JRBXWERBF
01HQ9SN55P9F0EZP68P3CMFCVM,Lorens Covert,Paralegal,Services,01HQXAVCQR31R8TYNJXCSCS7CV
01HQ9SN55QMA7CF7PA3XRAYYE6,Robinetta Knappe,Budget/Accounting Analyst I,Services,01HQXAVCPDYDYG8CZX3Z5T4QQQ
01HQ9SN55Q7MXX3X7BBCST4QK7,Darsey Marsh,Structural Analysis Engineer,Support,01HQXAVCP12S8P8EQ3KKHVKCN9
01HQ9SN55R6DFNZ7V5A131M746,Pamelina Barstowk,Structural Engineer,Training,01HQXAVCPJD3P53WB6MXCRZYKX
01HQ9SN55SMANHJ9D3NW94M065,Nataniel Kilgallen,Geologist I,Support,01HQXAVCPJD3P53WB6MXCRZYKX
01HQ9SN55TWATS5ZFR8P01ZX3A,Clemmie Watling,Computer Systems Analyst III,Business Development,01HQXAVCPPZJYK9GQ61HVGQ5A8
01HQ9SN55T84A3MSMHJCKZJPS2,Beth Shemming,Web Designer III,Engineering,01HQXAVCNT8CKV2TTQ01RFTVHV
01HQ9SN55VE9P30621K888RJHG,Felicity Mixhel,Research Nurse,Human Resources,01HQXAVCPKBTWNXMAM0XXDT5E3
01HQ9SN55W0YS01WMVC0FD8XJV,Madelena Allport,Programmer III,Marketing,01HQXAVCN8VXP9C1V57PE1HPQR
01HQ9SN55WS6HH9FJB1AFEETZK,Noble O'Corrin,Senior Developer,Sales,01HQXAVCQ23Z2DW5MT0NWKFDP4
01HQ9SN55XP8T2YQYYGMQZGNSE,Cordell Schultze,Librarian,Training,01HQXAVCQC4H2QMSWE51KABR6J
01HQ9SN55Y7AWM016H0V190YZ3,Karoline Lune,Assistant Manager,Engineering,01HQXAVCN09996V5Z9YWGVFQKE
01HQ9SN55YZ0RCRRY346JSCJ7H,Cati Connealy,Account Executive,Marketing,01HQXAVCQR31R8TYNJXCSCS7CV
01HQ9SN55ZYHJ96AB7B6Z918PR,Lacy Diggar,Payment Adjustment Coordinator,Human Resources,01HQXAVCQSNJ4BNHWR1TCTZFQM
01HQ9SN560JW8E1Y07P9VRYNPM,Thomasa Plunket,Administrative Officer,Sales,01HQXAVCQ4B0RVZV5PQMRF2228
01HQ9SN561YZK6RE1ZAY16KMAR,Tracy Balshen,Biostatistician IV,Human Resources,01HQXAVCN1YW764GN3WKHBNSME
01HQ9SN5616W7EA4RKKGW3HKG5,Miner Patemore,Assistant Manager,Accounting,01HQXAVCP5YRQ291B75HVNX42S
01HQ9SN562YGM9953PSXAC9AGB,Ricki Spores,Sales Associate,Support,01HQXAVCP53N3E82CF5TPK5VE4
01HQ9SN563HESHRRA9FFCM8V33,Irvin Ayllett,Product Engineer,Services,01HQXAVCQZFRW90D2N6EFZPJAT
01HQ9SN564YRWPYTWN6N02GF9H,Kiersten Gilhool,GIS Technical Architect,Support,01HQXAVCNW34J7WXJ18VDZW89S
01HQ9SN564TY8WKNJNE6M6FQGM,Mort Annott,Staff Accountant IV,Research and Development,01HQXAVCR0PX1DP6TJNR6FAJ4M
01HQ9SN565C1THT7VY82D5D24K,Petrina Gini,Design Engineer,Product Management,01HQXAVCMXTRC4Y81YV23C1ZQ8
01HQ9SN566G90Z6TKVJYAXWCED,Elena Luce,Senior Developer,Engineering,01HQXAVCPSHQC3P187BZT131NQ
01HQ9SN566QNWE4P10G3WT89D4,Tristan Hastin,Web Developer IV,Human Resources,01HQXAVCP5DV3BE7HG3C8VKDCY
01HQ9SN5676WAJ1SEF8V2Y9HCJ,Jojo Rihanek,Compensation Analyst,Marketing,01HQXAVCQKWR6VRFC069N4V128
01HQ9SN568TRGJDVW5RCW2MPY8,Timmie Biscomb,Product Engineer,Support,01HQXAVCNTQNZCXJ8GX3F27CTG
01HQ9SN568A03AJ29D52KZ7NXT,Tobe Simenon,Accounting Assistant III,Services,01HQXAVCQ7SQ7NE6T3PZVRETRV
01HQ9SN5697Z2WP97KEQZQM8R2,Dorothy Simnell,Systems Administrator I,Product Management,01HQXAVCPEM51PZ6JJR54JWJ1H
01HQ9SN56AX04T4P9QPC0GD5KR,Tabby Scrase,Automation Specialist IV,Marketing,01HQXAVCQKKYWFF64YWV4K3E8R
01HQ9SN56B7B8HZWSWV8DFJ076,Mabelle Watkin,Operator,Legal,01HQXAVCQZT7RE42HZ1RT90XT3
01HQ9SN56BAPBMMMB5B4NSC9ZH,Marve Fermer,Sales Associate,Support,01HQXAVCMYMC7111V1RS8T3JBF
01HQ9SN56C1TE07WHQNDPERWTN,Ilsa Di Francesco,Account Representative II,Services,01HQXAVCN39QGVAHWQ3NPCKKGS
01HQ9SN56D94CHKHNVWYY98SDM,Lemmy Mashal,Quality Engineer,Training,01HQXAVCP6CNA6P2JGVC63K80B
01HQ9SN56DDT86GJ55HWPP192Y,Ame Da Costa,Chief Design Engineer,Marketing,01HQXAVCQRNXK5FY90494TRB90
01HQ9SN56EB04VZXVDJ0Z4XY34,Cyndie Beaves,Software Consultant,Accounting,01HQXAVCN9Z5ZETPW8DGZHB2JW
01HQ9SN56FNQGKKMK8KCGAG9M8,Mindy Iowarch,Food Chemist,Research and Development,01HQXAVCPBTJGACZKRXZM6PXAZ
01HQ9SN56FEAP7B7JPPTT1VF6K,Jed Dalgetty,Legal Assistant,Marketing,01HQXAVCQ13RHC0BM4CPVG5WH2
01HQ9SN56G68RGEQFC2MX9HGHH,Grissel Townsend,Actuary,Human Resources,01HQXAVCNKDQFHKJR9FKMNGFEN
01HQ9SN56HXQXP29D42CVSQGCT,Gladys Lottrington,Senior Sales Associate,Services,01HQXAVCN7R7A9GT0G1YFG0858
01HQ9SN56JT22W41EM4Y8V2QKK,Rafaelita Mannie,Operator,Accounting,01HQXAVCP216S8X1ZN9GC7KQPJ
01HQ9SN56JDP1HXVA1M2MH235M,Cilka Valentetti,Health Coach III,Training,01HQXAVCQ3PCWDRME1PV94SJHJ
01HQ9SN56K3Q10AWT9NPY8D7AW,Bobbie Eddleston,Software Test Engineer III,Product Management,01HQXAVCP352J4N10V5EPHAY74
01HQ9SN56MPM3MTNAGYDZPHMN2,Coleman Leyshon,Programmer Analyst I,Services,01HQXAVCP9A5Q4EV110SXNWXAH
01HQ9SN56M0K4B1QN7F6Y7HC55,Sean Groveham,Pharmacist,Training,01HQXAVCQFS4TH3X07YPC59635
01HQ9SN56N2RZEQW5JBF3ZMFCX,Jaimie Leyban,Administrative Assistant III,Accounting,01HQXAVCP6PN5BJ54Q5FHZ77VT
01HQ9SN56PZ2CFCK5FMQS9TSGY,Wheeler O'Shields,Database Administrator II,Legal,01HQXAVCPSKAXASJN6YGBXPJ44
01HQ9SN56P119X46V072EQT4XR,Roderich Sunners,Financial Advisor,Product Management,01HQXAVCQXE1RD288FFEM024BX
01HQ9SN56QPHNDMW50G707NM90,Gwennie Musico,Marketing Manager,Marketing,01HQXAVCP75EDSTCFBKKHW4BQV
01HQ9SN56RFTT4GWTAG8D9B8CW,Ben Cheer,Information Systems Manager,Services,01HQXAVCPJ218ZA3GJA08BR1B6
01HQ9SN56R29WXJEGE9YC7EVJX,Darrel Walsham,Geologist IV,Legal,01HQXAVCQ13RHC0BM4CPVG5WH2
01HQ9SN56SFZZCA94957XWZGF3,Gideon Coulter,Software Engineer III,Legal,01HQXAVCP6CNA6P2JGVC63K80B
01HQ9SN56TVDPYEETHBS50ZKX8,Mallory Barcke,Administrative Officer,Training,01HQXAVCQC4H2QMSWE51KABR6J
01HQ9SN56VC1WPPRVHGK4HV5NH,Rodd Bridgewater,Dental Hygienist,Sales,01HQXAVCQ65NQQBYB9NWGCBS05
01HQ9SN56VRTN5N7688NFEGNYE,Nadeen Boundley,Database Administrator II,Product Management,01HQXAVCQ65NQQBYB9NWGCBS05
01HQ9SN56WNGRHJ54P3CC2NMTQ,Franny Yablsley,Software Consultant,Business Development,01HQXAVCNFA79230T33CZGFNKA
01HQ9SN56XW07NYG4KWZJDKDF4,Jana Utting,Structural Analysis Engineer,Legal,01HQXAVCPF9HSK69PV79GSN4KC
01HQ9SN56XSGNEAETCX6RFYGR1,Merv Palphramand,VP Sales,Product Management,01HQXAVCP13JD5G0MMEWH4PAKM
01HQ9SN56Y4ZJ1YMXGKDE8YDN8,Ario Heine,VP Sales,Engineering,01HQXAVCP7R68RR0B5NDGPA5X3
01HQ9SN56ZNEZQ3A17QDHNRF43,Ruthi Tullett,Engineer III,Product Management,01HQXAVCN1YW764GN3WKHBNSME
01HQ9SN570B9TG6D0N4GN5ENHY,Blinni Lenox,Recruiting Manager,Sales,01HQXAVCN1H6Y37RHNY7S932PK
01HQ9SN570YMW1WCP9D952QTVT,Haven Cantle,Chief Design Engineer,Human Resources,01HQXAVCNN0KQNX7HPCNXSVEAQ
01HQ9SN571AXDQBPP6WR1P6BNP,Timoteo Andrelli,Computer Systems Analyst II,Sales,01HQXAVCNQNB2XT58CCHAV2DM2
01HQ9SN572CS80JAC18DMVS3RJ,Sonya Raspison,Systems Administrator III,Research and Development,01HQXAVCNM3GV2DG7YCG80KMA7
01HQ9SN572JTH69FXWH71E80Q7,Nance Cumberlidge,Nuclear Power Engineer,Human Resources,01HQXAVCPZME3ZB5VC7EHV8MXG
01HQ9SN573J39EN94Z83Q7ZFQQ,Ryley Gynn,Accounting Assistant II,Engineering,01HQXAVCNQ1VJT677XSWVZZCVS
01HQ9SN574ZZMXT49CC9S3CM7X,Waldemar O' Byrne,Actuary,Product Management,01HQXAVCPNB3BM9813QNZZ519Q
01HQ9SN574XX6V8CKDYYH1JF6Z,Elora Parvin,Food Chemist,Engineering,01HQXAVCN1XAV86CA06SATT8X5
01HQ9SN575XARN6V3FB3BS1JKS,James Hamby,Sales Representative,Support,01HQXAVCR0PX1DP6TJNR6FAJ4M
01HQ9SN57635SE9817TWF3WSKA,Berti Frizzell,Mechanical Systems Engineer,Product Management,01HQXAVCPYPZAJ1RXPRQ2AKJ8R
01HQ9SN5762J3BJSZT2K460R15,Thorin Portwaine,Desktop Support Technician,Product Management,01HQXAVCQ22MNS16DAVXPAY14E
01HQ9SN577DXDFXJGXKY1VM65M,Jacinta Kimbury,Financial Analyst,Human Resources,01HQXAVCQ23Z2DW5MT0NWKFDP4
01HQ9SN5784AA9SDTZSW412YRB,Tim Foskew,Payment Adjustment Coordinator,Services,01HQXAVCN0C53AX4ESG2RRYPGF
01HQ9SN578KGB8AHT41QRXS38S,Hulda Almack,Compensation Analyst,Business Development,01HQXAVCNX82GGSTVNHY6F6RAG
01HQ9SN579VQYCXBG8YP5XXK35,Manny Gathwaite,Electrical Engineer,Product Management,01HQXAVCPSKAXASJN6YGBXPJ44
01HQ9SN57A9MWBAFRVK3MD3W7D,Briggs O'Neill,Help Desk Operator,Training,01HQXAVCNAN7FTQ194K41A2SV3
01HQ9SN57BECEEC1DEDFDV2HPN,Katheryn Joannidi,Professor,Support,01HQXAVCP6PN5BJ54Q5FHZ77VT
01HQ9SN57B6SHA3DBMQQWB97AV,Irwin Giffen,Help Desk Operator,Services,01HQXAVCPRT97Z9D2JJP7F0GSD
01HQ9SN57C19SH5TQ03KMD41XB,Sarette Cheel,Speech Pathologist,Product Management,01HQXAVCQTSRQK9PBXTK0976V4
01HQ9SN57DA8AY2Y6M4EE0KYVJ,Hillel Pero,Senior Financial Analyst,Business Development,01HQXAVCPWPJM4QFZAFC1M27CY
01HQ9SN57DHCJ84D75BYFBF1JV,Natty Dagwell,Assistant Manager,Sales,01HQXAVCQT2H7D3PJDMPBTGGA5
