Recruiter_Username,Candidate_Username,Job_ID
01HQY593VSY7F0ZRXEYTQ1MCYS,ngass38,01HQY593ZK4XJG0PZZ7HXNEEXC
01HQY593Y5K3PXGBM2AB3JGM0V,rakam45,01HQY593ZKMZ5M7J0E611GRS24
01HQY593VJHR894XV38XEF058V,mrubbens55,01HQY593WF5QCX6DSPKKXS7JE8
01HQY593WVSWNV79G07NGZR39E,lkundt1x,01HQY593TS91T9Y1GY0PGQW4CN
01HQY593WGAMGBC0YQBMG5D9B7,cmithun2s,01HQY593T9S9626NEABZF6Z187
01HQY593WN6E5YZKNT94DQCFTB,cclemont6d,01HQY593WPTM89PHDQYCNP1FN5
01HQY593XMHY7CM7WBR33HXZE4,kkumaar2,01HQY593TYAAEFKT2X8302P7XN
01HQY593V89N6EKMTC2EV2PH60,lbazley1k,01HQY593Y1T5518WYVCZ6YNK8C
01HQY593WPBGBVGDC516HFM6CC,amcpheat10,01HQY593VJHR894XV38XEF058V
01HQY593VKDCQP0PA5TEHS3ZD7,nsante6f,01HQY593Z99JXR27X89D4RSMX9
01HQY593ZSTHSSH68842MNSXQP,bhirche4d,01HQY593VC458SM1FKNW9N4071
01HQY593WBMZZDT2HFH03K70F0,creihm57,01HQY593ZXP9G1XHYG90FY7D77
01HQY593V4Y5JZAQ7A4YRB7S3J,ncowing4l,01HQY593V69Z6GYN7NWXH95KZ7
01HQY593ZACKP949JFBEH41E4E,lnothern,01HQY593ZPN3MMC30499J9Y1TS
01HQY593W29J6H1BAXY6YK3Y4W,cdillinton3l,01HQY593TWXTDQMQTV78D9JE70
01HQY593W8QS1KHBAJKZ8GAN9F,hlearmount34,01HQY593WDW65TZYP5324124SH
01HQY593WCTRGC1BQCNXSQJYCE,ooakman6u,01HQY593Y1BVAZZ1XNS309JPN7
01HQY593VDMS8WZM720ZG6XCCV,cmcleish2u,01HQY593WW4N1FN8YTXAF0MSXK
01HQY593ZFH7M38TYCDCAQK2WG,gskacel2v,01HQY593X49ZZVTDRJY2GDQ4SE
01HQY594028NGXXS2M0VX5Q5JS,pmackee46,01HQY593V2Y44XK2E7NVYWRKY1
01HQY593WD7RSPPY4JQ2RE7S6W,tverring1p,01HQY593ZNYBE6V8S4062YST8G
01HQY593YV1V8EYGK2KAHJ114G,jiceton31,01HQY593XX20A3E3S519264SVD
01HQY593Z0BK6VV2SNQSMDG3KB,cmarzella2a,01HQY593THGSW5FMWMT68PP9HD
01HQY593XHR962ZGH450XM1NW7,gweaver2i,01HQY593VR0R6GMTY40GMQ6MEW
01HQY593T5XMCEY5W4CFFR7PDA,cseater74,01HQY593TWJWWYX35336EW9SAH
01HQY593XFQ2WFB2KAJ3F37AW8,hsmoughton79,01HQY593XCAY99PKZB11144TT5
01HQY593Z21E1J4MPN626ZDVBA,wcoulman73,01HQY593VMXEA5TMWCXC5KTPKK
01HQY593Y287TJG2QQSZ6VXVEQ,pdevlin5f,01HQY593VDMS8WZM720ZG6XCCV
01HQY593X49ZZVTDRJY2GDQ4SE,hmorse8a,01HQY593YD1YB837XYAS4HHJNF
01HQY593ZY48HMXNS7Z7QFGSQM,dridings40,01HQY593VZWA4J4CZPKS35R54J
01HQY593YP9H1YMZTT0FC5BFSY,zcubberley3i,01HQY593WXW6KJSJKVZZJJ3WC7
01HQY593T6ZBVAQ704JF1RTPWS,biuorio6i,01HQY593TQN62E2JECPM16GAD7
01HQY593TZ7QWJWHB5E3N88WC4,msanctoz,01HQY593XVXKJWGPR067BCB9P6
01HQY593VGACD3118W3EEJP4YK,aspeight81,01HQY593VW39P0NTK1W0A4XZG4
01HQY593V8PSH31JEANHKAHBXX,aoakley6h,01HQY593X0QEHWQKFDJCP7KQ07
01HQY593VZXPQ80TXBB1JFK29K,etootell4q,01HQY593ZBWQSTQB3PA6DXJ9VZ
01HQY593VWJ4HRTMXNXCBREFTC,ahounson7f,01HQY593TC4TVJGQ5SGG49XT0A
01HQY593VS69141AQXBSSVCY0B,cscotchbrook7e,01HQY593Z32SM4ZXZRXG952919
01HQY593TC4TVJGQ5SGG49XT0A,sdeo,01HQY593VXRVSCQ51PQ951Z30V
01HQY593W1B66QWRFAVK7M1Y43,mclawsley7y,01HQY593XS7Z2WDE8Z734TTGJV
01HQY593TB1JWRKYP7JM93TZRR,gkinvig44,01HQY593TCZW8P1V2SZGEE6TQY
01HQY593Z2KNCFQZF3M7KFYVY4,dstandbridge5l,01HQY593VJE7VHTXG7V6F69DT7
01HQY593YYEK1RY0X7X25DR5PP,adoddridge82,01HQY593YJB9SM5CSCDYZMFXWZ
01HQY593T9XCBSX7F22W9S3CTR,rdavydochs,01HQY593WTFFV80HTB0AHWS6H7
01HQY593YGQV7YKJMC4NH0GZKN,jkull8b,01HQY593YY36BEDCY57P70WQ79
01HQY593VSY7F0ZRXEYTQ1MCYS,wcourcey7z,01HQY593TS91T9Y1GY0PGQW4CN
01HQY593XE37QTWV119E0MT8AX,wbeavors58,01HQY593XS7Z2WDE8Z734TTGJV
01HQY593YJB9SM5CSCDYZMFXWZ,mtwydelll,01HQY593Z5ASBP2YT36H9Q1XJ5
01HQY593W1B66QWRFAVK7M1Y43,cdillinton3l,01HQY593TSPCZR92DXHFRDJ933
01HQY593TWE5Z5X39A1ETN6XAC,gmacmenamie2p,01HQY593W0EN23064ESQ3HKXKS
