Username,Name,Address,Company,Specialization
fbrafield0,Fernandina Brafield,"7272 Mesta Drive, New York, New York 10003", Comerica Bank ,Accounting
cmeech1,Corrine Meech,"582 Warner Drive, Boston, Massachusetts 02110",Domo,Research and Development
dfeander2,Dalston Feander,"12567 Elgar Street, Boston, Massachusetts 02111",Five9,Support
rbloggett3,Rawley Bloggett,"533 Orin Street, Chicago, Illinois 60007",TS Imagine,Legal
ehoulston4,Etheline Houlston,"06 Pond Center, Chicago, Illinois 60018", Align Technology ,Marketing
bgascar5,Ban Gascar,"1 Surrey Road, Boston, Massachusetts 02110", Linkedin ,Business Development
lvose6,Loy Vose,"3 Forest Run Road, Boston, Massachusetts 02111",Hudson River Trading,Marketing
ffossitt7,Ferdinanda Fossitt,"98 Eliot Junction, Dallas, Texas 75001",Ramp,Accounting
abeagin8,Angela Beagin,"0 Miller Place, Miami, Florida 33126",Bodo.ai,Support
mcrowcher9,Miltie Crowcher,"3824 Messerschmidt Plaza, Chicago, Illinois 60007",Artisan Partners,Human Resources
obrechera,Olia Brecher,"02 Buhler Way, Chicago, Illinois 60106",TS Imagine,Human Resources
ahoutbyb,Anni Houtby,"9 Fallview Way, New York, New York 10003", Chick-fil-a ,Human Resources
elicciardic,Ethelbert Licciardi,"95 Pine View Junction, Dallas, Texas 75019",Mark43,Sales
okiddd,Otho Kidd,"723 Portage Alley, Denver, Colorado 80014", Lumen ,Business Development
mcorbridgee,Morna Corbridge,"281 Heffernan Street, Miami, Florida 33109", Extreme Reach ,Research and Development
cvenessf,Courtney Veness,"5244 Crowley Pass, Denver, Colorado 80014", SIEMENS ,Services
jlibermoreg,Jim Libermore,"64384 Bluejay Street, San Francisco, California 94107",Workiva,Services
ctowseh,Clarita Towse,"8443 Sloan Circle, Miami, Florida 33101", Intuitive ,Accounting
ohulburdi,Odella Hulburd,"415 Farragut Park, San Francisco, California 94107", Honeywell ,Training
mparbrookj,Moll Parbrook,"65816 Melby Alley, Atlanta, Georgia 30301", Wabtec Corporation ,Training
jmcclochk,Joeann McCloch,"3 Spohn Crossing, Boston, Massachusetts 02111",Skydio,Training
pgambiel,Paule Gambie,"0478 Reindahl Terrace, Atlanta, Georgia 30033",Workiva,Services
ryerbym,Ringo Yerby,"16008 Straubel Trail, Miami, Florida 33126", Genuine Parts Company ,Legal
dchelln,Derk Chell,"3496 Loeprich Court, Seattle, Washington 98101",Fizz,Human Resources
kbrehato,Kaleena Brehat,"14 Mifflin Parkway, Seattle, Washington 98103",TS Imagine,Product Management
ckedwardp,Case Kedward,"65 Spenser Pass, Tampa, Florida 33602",Mastercard,Human Resources
kvivashq,Kareem Vivash,"97973 Warner Place, Tampa, Florida 33601",Rivian,Training
xalexanderr,Ximenez Alexander,"3 Lake View Center, Los Angeles, California 90001",Five9,Marketing
bgrunnells,Belicia Grunnell,"0398 Rutledge Court, San Francisco, California 94102", Lumen ,Product Management
rasaaft,Rosaline Asaaf,"171 Ohio Pass, Tampa, Florida 33602",TS Imagine,Engineering
gjohnu,Gian John,"5053 Kedzie Court, Seattle, Washington 98101",Five9,Services
mdzenisenkav,Merry Dzenisenka,"07 3rd Way, Miami, Florida 33101",Zeno Group,Legal
zvendittow,Zola Venditto,"76 Johnson Parkway, Los Angeles, California 90002",Advisor360¬∞,Research and Development
cmethamx,Claus Metham,"75959 Oakridge Road, Boston, Massachusetts 02111", Comcast ,Human Resources
icatfordy,Ivonne Catford,"0455 Debs Avenue, New York, New York 10003",Kitware,Business Development
kcapewellz,Keslie Capewell,"62782 Bobwhite Road, San Francisco, California 94107", Polaris ,Legal
rtheis10,Rudy Theis,"50441 Westerfield Circle, Boston, Massachusetts 02111",CesiumAstro,Marketing
hvanyukhin11,Herminia Vanyukhin,"591 Clarendon Way, New York, New York 10001",Uncountable,Engineering
gnaisby12,Gilligan Naisby,"11305 Schurz Place, Chicago, Illinois 60018",Archer,Support
ebeaufoy13,Emmit Beaufoy,"59171 Doe Crossing Park, Austin, Texas 73344",Second Order Effects,Services
xhugonnet14,Xaviera Hugonnet,"77 Bayside Park, Boston, Massachusetts 02110", Ancestry ,Research and Development
elangcastle15,Elsinore Langcastle,"1 Lillian Circle, Seattle, Washington 98102",Anduril,Research and Development
dfarries16,Dulcie Farries,"5 Ridge Oak Alley, Dallas, Texas 75032", Align Technology ,Sales
eworledge17,Esme Worledge,"387 Derek Parkway, Los Angeles, California 90001",Workiva,Product Management
tburet18,Tyson Buret,"713 Blaine Street, Austin, Texas 73301", Chick-fil-a ,Business Development
agimblet19,Adelheid Gimblet,"28117 School Street, Seattle, Washington 98101",MyFitnessPal,Legal
kcowoppe1a,Kessia Cowoppe,"5 Kedzie Place, Austin, Texas 778613",CesiumAstro,Legal
fallerton1b,Freda Allerton,"25 Charing Cross Alley, Los Angeles, California 90001", Erie Insurance Group ,Support
ctrodd1c,Cecile Trodd,"9 Summit Junction, New York, New York 10002",Proofpoint,Human Resources
ssignorelli1d,Swen Signorelli,"67664 Moland Court, Atlanta, Georgia 30033", Generac Clean Energy ,Research and Development
