Company,Role,Location,Application/Link,Date Posted
Squarepoint Capital, Financing Trader ," London, UK "," <a href=""https://boards.greenhouse.io/embed/job_app?token=5738194&utm_source=Simplify&ref=Simplify""><img src=""https://i.imgur.com/w6lyvuC.png"" width=""84"" alt=""Apply""></a> <a href=""https://simplify.jobs/p/b2771c9d-3832-44d8-b7f7-37bdfeac329f?utm_source=GHList""><img src=""https://i.imgur.com/aVnQdox.png"" width=""30"" alt=""Simplify""></a> ", Feb 28 
Altera Digital Health, Associate Software Engineer - Remote , Remote in USA ," <a href=""https://boards.greenhouse.io/alteradigitalhealth/jobs/4253680007?utm_source=Simplify&ref=Simplify""><img src=""https://i.imgur.com/w6lyvuC.png"" width=""84"" alt=""Apply""></a> <a href=""https://simplify.jobs/p/a7baed2c-2f60-442d-b4d2-1bc59fae781b?utm_source=GHList""><img src=""https://i.imgur.com/aVnQdox.png"" width=""30"" alt=""Simplify""></a> ", Feb 28 
Altera Digital Health, Associate Software Engineer - Remote , Remote in USA ," <a href=""https://boards.greenhouse.io/alteradigitalhealth/jobs/4261795007?utm_source=Simplify&ref=Simplify""><img src=""https://i.imgur.com/w6lyvuC.png"" width=""84"" alt=""Apply""></a> <a href=""https://simplify.jobs/p/8159d3b4-ac1e-4251-a8a9-9643f9ed0ca6?utm_source=GHList""><img src=""https://i.imgur.com/aVnQdox.png"" width=""30"" alt=""Simplify""></a> ", Feb 28 
Lucid, Data Analyst ," Raleigh, NC "," <a href=""https://boards.greenhouse.io/lucidsoftware/jobs/5062228004?utm_source=Simplify&ref=Simplify""><img src=""https://i.imgur.com/w6lyvuC.png"" width=""84"" alt=""Apply""></a> <a href=""https://simplify.jobs/p/0b44ea75-c489-419d-b0e5-389c0441d94b?utm_source=GHList""><img src=""https://i.imgur.com/aVnQdox.png"" width=""30"" alt=""Simplify""></a> ", Feb 28 
Lucid, Data Analyst ," Salt Lake City, UT "," <a href=""https://boards.greenhouse.io/lucidsoftware/jobs/5071206004?utm_source=Simplify&ref=Simplify""><img src=""https://i.imgur.com/w6lyvuC.png"" width=""84"" alt=""Apply""></a> <a href=""https://simplify.jobs/p/f87c43e4-2a2a-4492-98ac-900e542cdfa9?utm_source=GHList""><img src=""https://i.imgur.com/aVnQdox.png"" width=""30"" alt=""Simplify""></a> ", Feb 28 
Old Mission, College Graduates - Full-Time - Fundamental Research Analyst - London ," London, UK "," <a href=""https://www.oldmissioncapital.com/careers/?gh_jid=5899026003&utm_source=Simplify&ref=Simplify""><img src=""https://i.imgur.com/w6lyvuC.png"" width=""84"" alt=""Apply""></a> <a href=""https://simplify.jobs/p/df524333-ebb1-4a91-94f6-3bd584f9cc9a?utm_source=GHList""><img src=""https://i.imgur.com/aVnQdox.png"" width=""30"" alt=""Simplify""></a> ", Feb 27 
The RealReal, Associate Specialist - Fine Jewelry & Watches ," Iselin, Woodbridge Township, NJ "," <a href=""https://boards.greenhouse.io/therealreal/jobs/7259756002?utm_source=Simplify&ref=Simplify""><img src=""https://i.imgur.com/w6lyvuC.png"" width=""84"" alt=""Apply""></a> <a href=""https://simplify.jobs/p/dda694ef-c457-4fa4-ab38-b9ccb9e6b6ce?utm_source=GHList""><img src=""https://i.imgur.com/aVnQdox.png"" width=""30"" alt=""Simplify""></a> ", Feb 27 
 Western Digital , New College Grad Engineer - Software Engineering - Graduating Dec 2023 - May 2024 ," Rochester, MN ", üîí , Feb 25 
NewsBreak, Machine Learning Engineer ‚Äì Junior & New Grad ," Mountain View, CA "," <a href=""https://boards.greenhouse.io/newsbreak/jobs/4338876006?utm_source=Simplify&ref=Simplify""><img src=""https://i.imgur.com/w6lyvuC.png"" width=""84"" alt=""Apply""></a> <a href=""https://simplify.jobs/p/f6db0437-48c7-4c28-89d5-76d6e4f15f71?utm_source=GHList""><img src=""https://i.imgur.com/aVnQdox.png"" width=""30"" alt=""Simplify""></a> ", Feb 24 
Snyk, Help Desk Specialist ," London, UK "," <a href=""https://boards.greenhouse.io/snyk/jobs/7076523002?utm_source=Simplify&ref=Simplify""><img src=""https://i.imgur.com/w6lyvuC.png"" width=""84"" alt=""Apply""></a> <a href=""https://simplify.jobs/p/13374406-7a09-414e-abf2-9cb1018ec647?utm_source=GHList""><img src=""https://i.imgur.com/aVnQdox.png"" width=""30"" alt=""Simplify""></a> ", Feb 23 
 LogicMonitor , Associate Data Analyst - CX Strategy & Operations ," Austin, TX ", üîí , Feb 23 
 LogicMonitor , Associate Data Analyst - CX Strategy & Operations ," Santa Barbara, CA ", üîí , Feb 23 
Dow Jones, Software Engineer ," Gaithersburg, MD "," <a href=""https://dowjones.wd1.myworkdayjobs.com/en-US/Dow_Jones_Career/job/Remote---USA/Software-Engineer_Job_Req_40827?utm_source=Simplify&ref=Simplify""><img src=""https://i.imgur.com/w6lyvuC.png"" width=""84"" alt=""Apply""></a> <a href=""https://simplify.jobs/p/63a036e6-a88d-4cd2-94de-789afe288f22?utm_source=GHList""><img src=""https://i.imgur.com/aVnQdox.png"" width=""30"" alt=""Simplify""></a> ", Feb 23 
Watershed, Software engineer ‚Äì New grad , SF ," <a href=""https://boards.greenhouse.io/watershedclimate/jobs/4091574004?utm_source=Simplify&ref=Simplify""><img src=""https://i.imgur.com/w6lyvuC.png"" width=""84"" alt=""Apply""></a> <a href=""https://simplify.jobs/p/0e3eaa70-2438-4631-b4bf-e7242c140401?utm_source=GHList""><img src=""https://i.imgur.com/aVnQdox.png"" width=""30"" alt=""Simplify""></a> ", Feb 23 
Relativity Space, Weld Engineer I ," Long Beach, CA "," <a href=""https://boards.greenhouse.io/relativity/jobs/7254024002?utm_source=Simplify&ref=Simplify""><img src=""https://i.imgur.com/w6lyvuC.png"" width=""84"" alt=""Apply""></a> <a href=""https://simplify.jobs/p/649cfb5d-2861-4a0e-84cc-3929dbf3dadd?utm_source=GHList""><img src=""https://i.imgur.com/aVnQdox.png"" width=""30"" alt=""Simplify""></a> ", Feb 22 
dunnhumby, Customer Engagement Analyst ," Grand Rapids, MI "," <a href=""https://www.dunnhumby.com/jobs/?gh_jid=5891031003&utm_source=Simplify&ref=Simplify""><img src=""https://i.imgur.com/w6lyvuC.png"" width=""84"" alt=""Apply""></a> <a href=""https://simplify.jobs/p/2698b474-d313-4e65-865d-f0b02f54d74e?utm_source=GHList""><img src=""https://i.imgur.com/aVnQdox.png"" width=""30"" alt=""Simplify""></a> ", Feb 22 
Thumbtack, Product Data Scientist - Customer Growth , Remote in USA ," <a href=""https://boards.greenhouse.io/thumbtack/jobs/5630260?utm_source=Simplify&ref=Simplify""><img src=""https://i.imgur.com/w6lyvuC.png"" width=""84"" alt=""Apply""></a> <a href=""https://simplify.jobs/p/f6ea34e3-ea7e-4d3e-a501-2fbf9645f0bf?utm_source=GHList""><img src=""https://i.imgur.com/aVnQdox.png"" width=""30"" alt=""Simplify""></a> ", Feb 21 
Thumbtack, Product Data Scientist - Customer Growth , Remote ," <a href=""https://boards.greenhouse.io/thumbtack/jobs/5630261?utm_source=Simplify&ref=Simplify""><img src=""https://i.imgur.com/w6lyvuC.png"" width=""84"" alt=""Apply""></a> <a href=""https://simplify.jobs/p/76e048cf-89b1-41e6-87cc-f235d9096234?utm_source=GHList""><img src=""https://i.imgur.com/aVnQdox.png"" width=""30"" alt=""Simplify""></a> ", Feb 21 
Onbe, Associate Software Engineer ," Wheeling, IL "," <a href=""https://www.onbe.com/company/careers?gh_jid=4337322006&utm_source=Simplify&ref=Simplify""><img src=""https://i.imgur.com/w6lyvuC.png"" width=""84"" alt=""Apply""></a> <a href=""https://simplify.jobs/p/efb2950e-3dc5-4ced-bf11-f368b63c4233?utm_source=GHList""><img src=""https://i.imgur.com/aVnQdox.png"" width=""30"" alt=""Simplify""></a> ", Feb 21 
Momentum Worldwide, Associate Creative Technologist ," St. Louis, MO "," <a href=""https://www.momentumww.com/opportunities/?gh_jid=7218155002&utm_source=Simplify&ref=Simplify""><img src=""https://i.imgur.com/w6lyvuC.png"" width=""84"" alt=""Apply""></a> <a href=""https://simplify.jobs/p/73ff690b-ed18-4f02-a28a-ba2492114573?utm_source=GHList""><img src=""https://i.imgur.com/aVnQdox.png"" width=""30"" alt=""Simplify""></a> ", Feb 16 
IPG DXTRA, Associate Creative Technologist ," St. Louis, MO "," <a href=""https://boards.greenhouse.io/dxacirca/jobs/7218301002?utm_source=Simplify&ref=Simplify""><img src=""https://i.imgur.com/w6lyvuC.png"" width=""84"" alt=""Apply""></a> <a href=""https://simplify.jobs/p/77bcdc09-4070-4457-a4fb-ea1a67c7a760?utm_source=GHList""><img src=""https://i.imgur.com/aVnQdox.png"" width=""30"" alt=""Simplify""></a> ", Feb 16 
Konrad Group, Software Developer ‚Äì Entry Level ," Toronto, ON, Canada "," <a href=""https://boards.greenhouse.io/embed/job_app?token=5893240003&utm_source=Simplify&ref=Simplify""><img src=""https://i.imgur.com/w6lyvuC.png"" width=""84"" alt=""Apply""></a> <a href=""https://simplify.jobs/p/b063c145-57ac-4928-864c-83370dacdd44?utm_source=GHList""><img src=""https://i.imgur.com/aVnQdox.png"" width=""30"" alt=""Simplify""></a> ", Feb 16 
Konrad Group, Mobile Developer ‚Äì Entry Level ," Toronto, ON, Canada "," <a href=""https://boards.greenhouse.io/embed/job_app?token=5893296003&utm_source=Simplify&ref=Simplify""><img src=""https://i.imgur.com/w6lyvuC.png"" width=""84"" alt=""Apply""></a> <a href=""https://simplify.jobs/p/8a12530b-7cd6-4d88-aa6b-e83fc742aa40?utm_source=GHList""><img src=""https://i.imgur.com/aVnQdox.png"" width=""30"" alt=""Simplify""></a> ", Feb 16 
Konrad Group, Software Developer ‚Äì Entry Level ," Toronto, ON, Canada "," <a href=""https://boards.greenhouse.io/embed/job_app?token=5893276003&utm_source=Simplify&ref=Simplify""><img src=""https://i.imgur.com/w6lyvuC.png"" width=""84"" alt=""Apply""></a> <a href=""https://simplify.jobs/p/c5222dbe-53e9-4813-9053-f33de5a3954e?utm_source=GHList""><img src=""https://i.imgur.com/aVnQdox.png"" width=""30"" alt=""Simplify""></a> ", Feb 16 
Acorns, Software Engineer I - Web , Remote in USA ," <a href=""https://boards.greenhouse.io/acorns/jobs/5708620?utm_source=Simplify&ref=Simplify""><img src=""https://i.imgur.com/w6lyvuC.png"" width=""84"" alt=""Apply""></a> <a href=""https://simplify.jobs/p/3ac11ed3-59cb-4415-bdb2-5d829b0aad2c?utm_source=GHList""><img src=""https://i.imgur.com/aVnQdox.png"" width=""30"" alt=""Simplify""></a> ", Feb 15 
 Hello Fresh , Data Analyst ," Irving, TX ", üîí , Feb 15 
 NVIDIA , Software Engineer ‚Äì New College Grad 2024 ," Santa Clara, CA ", üîí , Feb 14 
 NVIDIA , Web Application Software Engineer ‚Äì New College Grad 2024 ," Santa Clara, CA ", üîí , Feb 14 
 PayPal , Software Engineer ‚Äì Recent Grad ," San Jose, CA ", üîí , Feb 14 
NVIDIA, Compiler Engineer ‚Äì New College Grad 2024 - Deep Learning ," Redmond, WA</br>Santa Clara, CA "," <a href=""https://nvidia.wd5.myworkdayjobs.com/en-us/nvidiaexternalcareersite/job/US-CA-Santa-Clara/Compiler-Engineer---Deep-Learning--New-College-Grad-2024_JR1979833?utm_source=Simplify&ref=Simplify""><img src=""https://i.imgur.com/w6lyvuC.png"" width=""84"" alt=""Apply""></a> <a href=""https://simplify.jobs/p/d951e174-1507-4b74-8f8b-0cc483ba6e19?utm_source=GHList""><img src=""https://i.imgur.com/aVnQdox.png"" width=""30"" alt=""Simplify""></a> ", Feb 14 
TigerGraph, Software Engineer - Infrastructure ," San Carlos, CA "," <a href=""https://boards.greenhouse.io/tigergraph/jobs/5664024?utm_source=Simplify&ref=Simplify""><img src=""https://i.imgur.com/w6lyvuC.png"" width=""84"" alt=""Apply""></a> <a href=""https://simplify.jobs/p/f6892350-87e7-4949-b86e-b04103476027?utm_source=GHList""><img src=""https://i.imgur.com/aVnQdox.png"" width=""30"" alt=""Simplify""></a> ", Feb 13 
 Cadence Design Systems , Software Engineer ‚Äì New College Grad 2024 ," San Jose, CA ", üîí , Feb 13 
 Western Digital , New College Grad - Data Scientist ," San Jose, CA ", üîí , Feb 10 
 Govini , Entry Level Data Scientist ," Pittsburgh, PA ", üîí , Feb 09 
HCVT, Application Developer ," Glendale, CA "," <a href=""https://jobs.lever.co/hcvt/a4cf34d5-772b-4e21-ad64-ca846ae5a0c3/apply?utm_source=Simplify&ref=Simplify""><img src=""https://i.imgur.com/w6lyvuC.png"" width=""84"" alt=""Apply""></a> <a href=""https://simplify.jobs/p/8d6cdfb7-8dbe-4489-b855-232761c6accb?utm_source=GHList""><img src=""https://i.imgur.com/aVnQdox.png"" width=""30"" alt=""Simplify""></a> ", Feb 09 
 Skydio , Robotics Automation Engineer ," San Mateo, CA ", üîí , Feb 09 
 Evisort , Legal Fellow , Remote in USA , üîí , Feb 08 
Redsox, Developer ‚Äì Baseball Systems ," Cambridge, MA "," <a href=""https://jobs.lever.co/redsox/9d53d177-05c0-4d65-bd19-198973a583c6/apply?utm_source=Simplify&ref=Simplify""><img src=""https://i.imgur.com/w6lyvuC.png"" width=""84"" alt=""Apply""></a> <a href=""https://simplify.jobs/p/f75de2f1-d530-488b-aed5-6b997f16e3e8?utm_source=GHList""><img src=""https://i.imgur.com/aVnQdox.png"" width=""30"" alt=""Simplify""></a> ", Feb 07 
Empowerly, Product Manager , Remote in USA ," <a href=""https://jobs.lever.co/empowerly/38d07a6b-254c-4c5a-8da1-3e1e805e4c24/apply?utm_source=Simplify&ref=Simplify""><img src=""https://i.imgur.com/w6lyvuC.png"" width=""84"" alt=""Apply""></a> <a href=""https://simplify.jobs/p/706a3c20-9781-4cdc-b81b-10bd8f83417c?utm_source=GHList""><img src=""https://i.imgur.com/aVnQdox.png"" width=""30"" alt=""Simplify""></a> ", Feb 07 
 Barkley , Data Analyst ," Kansas City, MO ", üîí , Feb 07 
DRW, Equities Operations Specialist ," London, UK "," <a href=""https://boards.greenhouse.io/drweng/jobs/5682653?utm_source=Simplify&ref=Simplify""><img src=""https://i.imgur.com/w6lyvuC.png"" width=""84"" alt=""Apply""></a> <a href=""https://simplify.jobs/p/3577e15e-6eea-44e8-99e4-fa9a2f1f0d69?utm_source=GHList""><img src=""https://i.imgur.com/aVnQdox.png"" width=""30"" alt=""Simplify""></a> ", Feb 07 
Welocalize, Entry-Level AI Data Rater - English - US , United States ," <a href=""https://jobs.lever.co/welocalize/b6af22c2-0ae8-432f-bdce-90ffda2f555a/apply?utm_source=Simplify&ref=Simplify""><img src=""https://i.imgur.com/w6lyvuC.png"" width=""84"" alt=""Apply""></a> <a href=""https://simplify.jobs/p/856c81b6-410a-4143-8c0a-5a5238458981?utm_source=GHList""><img src=""https://i.imgur.com/aVnQdox.png"" width=""30"" alt=""Simplify""></a> ", Feb 07 
 Rockset , Software Engineer ‚Äì New Grad ," San Mateo, CA ", üîí , Feb 07 
Fortra, Data Protection Analyst , United States ," <a href=""https://boards.greenhouse.io/fortra/jobs/4301255006?utm_source=Simplify&ref=Simplify""><img src=""https://i.imgur.com/w6lyvuC.png"" width=""84"" alt=""Apply""></a> <a href=""https://simplify.jobs/p/e588419d-6b77-4f69-b45b-8856909683ca?utm_source=GHList""><img src=""https://i.imgur.com/aVnQdox.png"" width=""30"" alt=""Simplify""></a> ", Feb 07 
 Qualtrics , Security Operations Engineer I - Provo ," Provo, UT ", üîí , Feb 06 
Relativity Space, Materials & Processes Engineer I - General Metallics ," Long Beach, CA "," <a href=""https://boards.greenhouse.io/relativity/jobs/7166121002?utm_source=Simplify&ref=Simplify""><img src=""https://i.imgur.com/w6lyvuC.png"" width=""84"" alt=""Apply""></a> <a href=""https://simplify.jobs/p/71853290-996b-465a-948c-fef601f24304?utm_source=GHList""><img src=""https://i.imgur.com/aVnQdox.png"" width=""30"" alt=""Simplify""></a> ", Feb 06 
 Gelber Group , Software Engineer-Equity Derivatives Desk ," Chicago, IL ", üîí , Feb 03 
 Trustpilot , Fraud Detection Analyst ," London, UK ", üîí , Feb 02 
 NewsBreak , Software Engineer ‚Äì Junior & New Grad ," Mountain View, CA ", üîí , Feb 02 
 Zynga , Software Engineer - Client - Tech Enablement - Central tech , Canada , üîí , Feb 01 
 NVIDIA , Deep Learning Tools Developer ‚Äì New College Grad 2024 ," Santa Clara, CA ", üîí , Feb 01 
 Western Digital , New College Grad - Software Engineer - System Testing ," Rochester, MN ", üîí , Feb 01 
Navan (fka TripActions), New College Grad Software Engineer - Front-End ," Palo Alto, CA "," <a href=""https://tripactions.com/job-openings?gh_jid=5662125&utm_source=Simplify&ref=Simplify""><img src=""https://i.imgur.com/w6lyvuC.png"" width=""84"" alt=""Apply""></a> <a href=""https://simplify.jobs/p/8f2149e4-8e47-4f05-90b3-98d3b996cd82?utm_source=GHList""><img src=""https://i.imgur.com/aVnQdox.png"" width=""30"" alt=""Simplify""></a> ", Feb 01 
 Ultra Mobile , QA Engineer - Hybrid ," Newport Beach, CA ", üîí , Jan 30 
 CannonDesign , Data Analyst & Visualizer ‚Äì Entry Level , Remote in USA , üîí , Jan 29 
 Hudl , Quality Assurance Engineer I ‚Äì May Graduates ," Lincoln, NE</br>Omaha, NE ", üîí , Jan 27 
 Hudl , Quality Assurance Engineer I ‚Äì May Graduates ," Lincoln, NE</br>Omaha, NE ", üîí , Jan 27 
 Western Digital , New College Grad Engineer - Software Engineering - Firmware ," San Jose, CA ", üîí , Jan 27 
 Cadence Design Systems , Software Engineer ‚Äì New College Grad 2024 , Remote in USA , üîí , Jan 26 
 Budderfly , Associate Energy Engineer - Solutions Development-Remote , Remote in USA , üîí , Jan 25 
Alexandra Lozano Immigration Law PLLC, IT Support Bilingual English/Spanish ," Tukwila, WA "," <a href=""https://boards.greenhouse.io/alexandralozanoimmigrationlawpllc/jobs/5066148004?utm_source=Simplify&ref=Simplify""><img src=""https://i.imgur.com/w6lyvuC.png"" width=""84"" alt=""Apply""></a> <a href=""https://simplify.jobs/p/33b6fa0a-bff7-4df6-924a-10d9cfb4de2e?utm_source=GHList""><img src=""https://i.imgur.com/aVnQdox.png"" width=""30"" alt=""Simplify""></a> ", Jan 25 
 NVIDIA , Software Engineer ‚Äì New College Grad 2024 - Chip Design Tools ," Santa Clara, CA ", üîí , Jan 25 
Cadence Design Systems, Software Engineer II ‚Äì New College Grad - Burlington - MA/Greater Boston Area ," Northridge, LA "," <a href=""https://cadence.wd1.myworkdayjobs.com/en-US/External_Careers/job/BURLINGTON-01/Software-Engineer-II--Burlington--MA-Greater-Boston-Area----New-College-Grad_R45039-1?utm_source=Simplify&ref=Simplify""><img src=""https://i.imgur.com/w6lyvuC.png"" width=""84"" alt=""Apply""></a> <a href=""https://simplify.jobs/p/b71c4ad3-04a2-4f17-bbc7-0d3681a70109?utm_source=GHList""><img src=""https://i.imgur.com/aVnQdox.png"" width=""30"" alt=""Simplify""></a> ", Jan 24 
Abnormal Security, Software Engineer II - Cloud Infrastructure , Remote in USA ," <a href=""https://careers.abnormalsecurity.com/jobs/5867723003?gh_jid=5867723003&utm_source=Simplify&ref=Simplify""><img src=""https://i.imgur.com/w6lyvuC.png"" width=""84"" alt=""Apply""></a> <a href=""https://simplify.jobs/p/3199ded2-4fa2-4cf8-abfb-1b04eae54cfe?utm_source=GHList""><img src=""https://i.imgur.com/aVnQdox.png"" width=""30"" alt=""Simplify""></a> ", Jan 24 
Gelber Group, Trade Desk Analyst ," Chicago, IL "," <a href=""https://boards.greenhouse.io/gelbergroup/jobs/4325528006?utm_source=Simplify&ref=Simplify""><img src=""https://i.imgur.com/w6lyvuC.png"" width=""84"" alt=""Apply""></a> <a href=""https://simplify.jobs/p/fdebcec9-3d76-4db0-b15f-1be66ed04a3b?utm_source=GHList""><img src=""https://i.imgur.com/aVnQdox.png"" width=""30"" alt=""Simplify""></a> ", Jan 22 
The RealReal, Associate Specialist - Fjw ," Phoenix, AZ "," <a href=""https://boards.greenhouse.io/therealreal/jobs/7104483002?utm_source=Simplify&ref=Simplify""><img src=""https://i.imgur.com/w6lyvuC.png"" width=""84"" alt=""Apply""></a> <a href=""https://simplify.jobs/p/3e5d04a9-c43d-4785-829d-f8f156c77556?utm_source=GHList""><img src=""https://i.imgur.com/aVnQdox.png"" width=""30"" alt=""Simplify""></a> ", Jan 20 
 Pure Storage , Software Engineer Grad ," Santa Clara, CA ", üîí , Jan 20 
Akuna Capital, Women in Trading Sneak Peek Week - 2024 ," Chicago, IL "," <a href=""https://www.akunacapital.com/job-details?gh_jid=5630638&utm_source=Simplify&ref=Simplify""><img src=""https://i.imgur.com/w6lyvuC.png"" width=""84"" alt=""Apply""></a> <a href=""https://simplify.jobs/p/4f671015-2e62-4358-bc1c-cdfabb83940c?utm_source=GHList""><img src=""https://i.imgur.com/aVnQdox.png"" width=""30"" alt=""Simplify""></a> ", Jan 20 
NVIDIA, Architecture Energy Modeling Engineer ‚Äì New College Grad 2024 ," Santa Clara, CA "," <a href=""https://nvidia.wd5.myworkdayjobs.com/en-us/nvidiaexternalcareersite/job/US-CA-Santa-Clara/Architecture-Energy-Modeling-Engineer---New-College-Grad-2024_JR1978377?utm_source=Simplify&ref=Simplify""><img src=""https://i.imgur.com/w6lyvuC.png"" width=""84"" alt=""Apply""></a> <a href=""https://simplify.jobs/p/cdeccbc1-b611-4bbb-b216-7a56303c1104?utm_source=GHList""><img src=""https://i.imgur.com/aVnQdox.png"" width=""30"" alt=""Simplify""></a> ", Jan 20 
NVIDIA, Power Architect ‚Äì New College Grad 2024 ," Santa Clara, CA "," <a href=""https://nvidia.wd5.myworkdayjobs.com/en-us/nvidiaexternalcareersite/job/US-CA-Santa-Clara/Power-Architect---New-College-Grad-2024_JR1978209?utm_source=Simplify&ref=Simplify""><img src=""https://i.imgur.com/w6lyvuC.png"" width=""84"" alt=""Apply""></a> <a href=""https://simplify.jobs/p/b2f93fe7-3a5d-4b07-94ae-883c9ce397ad?utm_source=GHList""><img src=""https://i.imgur.com/aVnQdox.png"" width=""30"" alt=""Simplify""></a> ", Jan 20 
NVIDIA, Backend Compiler Engineer ‚Äì New College Grad 2024 - Gpu ," Austin, TX</br>Remote in USA "," <a href=""https://nvidia.wd5.myworkdayjobs.com/en-us/nvidiaexternalcareersite/job/US-TX-Austin/Backend-Compiler-Engineer--GPU---New-College-Grad-2024_JR1976920?utm_source=Simplify&ref=Simplify""><img src=""https://i.imgur.com/w6lyvuC.png"" width=""84"" alt=""Apply""></a> <a href=""https://simplify.jobs/p/0dbea02c-f2ca-4e9e-a1a4-259935d2d9e7?utm_source=GHList""><img src=""https://i.imgur.com/aVnQdox.png"" width=""30"" alt=""Simplify""></a> ", Jan 20 
Codazen, Full-Stack Engineer Summer 2024 New Grad ," Irvine, CA "," <a href=""https://boards.greenhouse.io/codazen/jobs/4980889004?utm_source=Simplify&ref=Simplify""><img src=""https://i.imgur.com/w6lyvuC.png"" width=""84"" alt=""Apply""></a> <a href=""https://simplify.jobs/p/072b3c31-67dc-4102-a448-8257aca7d419?utm_source=GHList""><img src=""https://i.imgur.com/aVnQdox.png"" width=""30"" alt=""Simplify""></a> ", Jan 19 
The Voleon Group, Data Scientist ," London, UK "," <a href=""https://jobs.lever.co/voleon/3e70512a-a6e7-42a3-b263-86120bc11051/apply?utm_source=Simplify&ref=Simplify""><img src=""https://i.imgur.com/w6lyvuC.png"" width=""84"" alt=""Apply""></a> <a href=""https://simplify.jobs/p/86d928ac-1df6-431a-82b1-9d729a6aaf9c?utm_source=GHList""><img src=""https://i.imgur.com/aVnQdox.png"" width=""30"" alt=""Simplify""></a> ", Jan 18 
 OneLocal , Quality Assurance Analyst , Remote , üîí , Jan 18 
 Western Digital , New College Grad Engineer - Software Engineering - Graduating Dec 2023 - May 2024 ," Rochester, MN ", üîí , Jan 18 
Jamf, Technical Support Associate ‚Äì Entry Level - High Potential , Remote in USA ," <a href=""https://www.jamf.com/about/careers/jobs/?gh_jid=5009559004&gh_jid=5009559004&utm_source=Simplify&ref=Simplify""><img src=""https://i.imgur.com/w6lyvuC.png"" width=""84"" alt=""Apply""></a> <a href=""https://simplify.jobs/p/9a658828-d7aa-4270-934b-03f38b4b1edc?utm_source=GHList""><img src=""https://i.imgur.com/aVnQdox.png"" width=""30"" alt=""Simplify""></a> ", Jan 17 
 Similarweb , Data Scientist ‚Äì Entry Level , NYC , üîí , Jan 17 
Alarm.com, Associate Build and Release Engineer ," Vienna, VA "," <a href=""https://boards.greenhouse.io/alarmcom/jobs/7076985002?utm_source=Simplify&ref=Simplify""><img src=""https://i.imgur.com/w6lyvuC.png"" width=""84"" alt=""Apply""></a> <a href=""https://simplify.jobs/p/196b7020-3960-4d92-aeea-3594640a8dca?utm_source=GHList""><img src=""https://i.imgur.com/aVnQdox.png"" width=""30"" alt=""Simplify""></a> ", Jan 13 
Jerry, Full Stack Software Engineer - Chatbot , SF ," <a href=""https://jobs.ashbyhq.com/Jerry/3e70ea16-af8f-49e6-bc07-2aa041c07c38/application?utm_source=Simplify&ref=Simplify""><img src=""https://i.imgur.com/w6lyvuC.png"" width=""84"" alt=""Apply""></a> <a href=""https://simplify.jobs/p/a239912c-fd45-4b7b-888f-5984d64e02e9?utm_source=GHList""><img src=""https://i.imgur.com/aVnQdox.png"" width=""30"" alt=""Simplify""></a> ", Jan 13 
 ServiceNow , Finance Development Rotation Program ‚Äì New Grad ," Santa Clara, CA ", üîí , Jan 12 
 MarketAxess , 2024 Future Leaders in Action Externship , NYC , üîí , Jan 11 
 NVIDIA , GPU Architect ‚Äì New College Grad 2024 ," Santa Clara, CA ", üîí , Jan 11 
 Western Digital , New College Grad Software Engineer-Firmware Engineering - HDD Servo Signal Integration and Detection ," San Jose, CA ", üîí , Jan 09 
 NVIDIA , Machine Learning Software Platform Architecture ‚Äì New College Grad 2024 ," Santa Clara, CA ", üîí , Jan 09 
 Visa , Systems Engineer ‚Äì New College Grad - 2024 ," Highlands Ranch, CO ", üîí , Jan 09 
 Visa , Associate Systems Analyst ‚Äì New College Grad - 2024 ," Austin, TX ", üîí , Jan 06 
 CoreWeave , IT Specialist II ," Livingston, NJ ", üîí , Jan 05 
 Visa , Associate Systems Analyst ‚Äì New College Grad - 2024 ," Austin, TX ", üîí , Jan 05 
WeRide, Software Engineer ‚Äì New Grads 2024 - Campus Recruiting ," San Jose, CA "," <a href=""https://jobs.lever.co/weride/f949226a-0c90-4368-84b2-eef81615ed62/apply?utm_source=Simplify&ref=Simplify""><img src=""https://i.imgur.com/w6lyvuC.png"" width=""84"" alt=""Apply""></a> <a href=""https://simplify.jobs/p/04fbcfe2-276a-4fac-8f36-483d14d33a4c?utm_source=GHList""><img src=""https://i.imgur.com/aVnQdox.png"" width=""30"" alt=""Simplify""></a> ", Jan 03 
Matroid, Deep Learning Field Engineer ," Palo Alto, CA "," <a href=""https://matroid.breezy.hr/p/fd3a99c34bf6/apply?utm_source=Simplify&ref=Simplify""><img src=""https://i.imgur.com/w6lyvuC.png"" width=""84"" alt=""Apply""></a> <a href=""https://simplify.jobs/p/86c7ce6d-b699-40ea-aea2-6abb467083e7?utm_source=GHList""><img src=""https://i.imgur.com/aVnQdox.png"" width=""30"" alt=""Simplify""></a> ", Jan 03 
Matroid, Deep Learning Engineer ," Palo Alto, CA "," <a href=""https://matroid.breezy.hr/p/eb926c2e5033/apply?utm_source=Simplify&ref=Simplify""><img src=""https://i.imgur.com/w6lyvuC.png"" width=""84"" alt=""Apply""></a> <a href=""https://simplify.jobs/p/019f774f-4f91-46a0-bc56-24c9606860e2?utm_source=GHList""><img src=""https://i.imgur.com/aVnQdox.png"" width=""30"" alt=""Simplify""></a> ", Jan 03 
 Palantir , Product Designer ‚Äì New Grad - US Government ," Washington, DC ", üîí , Jan 03 
 NVIDIA , Verification Engineer ‚Äì New College Grad 2024 - Memory Controller ," Santa Clara, CA ", üîí , Dec 30 
 CDC Foundation , Data Analyst , Florida , üîí , Dec 29 
IXL Learning, Software Engineer ‚Äì New Grad ," San Mateo, CA "," <a href=""https://www.ixl.com/company/jobs?gh_jid=7076717002&utm_source=Simplify&ref=Simplify""><img src=""https://i.imgur.com/w6lyvuC.png"" width=""84"" alt=""Apply""></a> <a href=""https://simplify.jobs/p/d75bceb6-1f1e-41b5-b107-478386ce97d1?utm_source=GHList""><img src=""https://i.imgur.com/aVnQdox.png"" width=""30"" alt=""Simplify""></a> ", Dec 28 
IXL Learning, Software Developer ‚Äì New Grad ," Toronto, ON, Canada "," <a href=""https://www.ixl.com/company/jobs?gh_jid=7076733002&utm_source=Simplify&ref=Simplify""><img src=""https://i.imgur.com/w6lyvuC.png"" width=""84"" alt=""Apply""></a> <a href=""https://simplify.jobs/p/e356b0d8-019c-4e34-9459-fe6bdc72bb99?utm_source=GHList""><img src=""https://i.imgur.com/aVnQdox.png"" width=""30"" alt=""Simplify""></a> ", Dec 28 
IXL Learning, Software Engineer ‚Äì New Grad ," Raleigh, NC "," <a href=""https://www.ixl.com/company/jobs?gh_jid=7076723002&utm_source=Simplify&ref=Simplify""><img src=""https://i.imgur.com/w6lyvuC.png"" width=""84"" alt=""Apply""></a> <a href=""https://simplify.jobs/p/60b342f6-c0c4-4c72-b779-09f44133a982?utm_source=GHList""><img src=""https://i.imgur.com/aVnQdox.png"" width=""30"" alt=""Simplify""></a> ", Dec 28 
 Hello Fresh , Analyst ‚Äì Planning ," <details><summary>**4 locations**</summary>Newnan, GA</br>Newark, NJ</br>Phoenix, AZ</br>Irving, TX</details> ", üîí , Dec 28 
 Jerry , Full Stack Software Engineer - Chatbot , SF , üîí , Dec 23 
 Cadence Design Systems , Application Engineer ‚Äì New College Grad ," San Jose, CA ", üîí , Dec 22 
 Cadence Design Systems , Application Engineer ‚Äì New College Grad ," San Jose, CA ", üîí , Dec 22 
 Cadence Design Systems , Application Engineer ‚Äì New College Grad ," Austin, TX ", üîí , Dec 22 
 Cadence Design Systems , Application Engineer ‚Äì New College Grad ," San Jose, CA ", üîí , Dec 22 
 Cadence Design Systems , Application Engineer ‚Äì New College Grad ," San Jose, CA ", üîí , Dec 22 
 Cadence Design Systems , Application Engineer ‚Äì New College Grad ," San Jose, CA ", üîí , Dec 22 
 Cadence Design Systems , Application Engineer ‚Äì New College Grad ," San Jose, CA ", üîí , Dec 22 
 Cadence Design Systems , Application Engineer ‚Äì New College Grad ," San Jose, CA ", üîí , Dec 22 
 Cadence Design Systems , Application Engineer ‚Äì New College Grad ," San Jose, CA ", üîí , Dec 22 
 Cadence Design Systems , Application Engineer ‚Äì New College Grad ," San Jose, CA ", üîí , Dec 22 
 Cadence Design Systems , Application Engineer ‚Äì New College Grad ," San Jose, CA ", üîí , Dec 22 
 Cadence Design Systems , Application Engineer ‚Äì New College Grad ," San Jose, CA ", üîí , Dec 22 
 Cadence Design Systems , Application Engineer ‚Äì New College Grad ," San Jose, CA ", üîí , Dec 22 
 NVIDIA , GPU Compute Compiler Engineer ‚Äì New College Grad 2024 ," Austin, TX</br>Redmond, WA</br>Santa Clara, CA ", üîí , Dec 21 
 Constellation Technologies , Software Engineer ‚Äì Entry level ," Odenton, MD ", üîí , Dec 20 
 Zoox , Software Engineer: Secure Embedded Operating Systems ," San Mateo, CA ", üîí , Dec 20 
Cadence Design Systems, Application Engineer ‚Äì New College Grad ," San Jose, CA "," <a href=""https://cadence.wd1.myworkdayjobs.com/en-US/External_Careers/job/SAN-JOSE/Application-Engineer---New-College-Grad_R44174-1?utm_source=Simplify&ref=Simplify""><img src=""https://i.imgur.com/w6lyvuC.png"" width=""84"" alt=""Apply""></a> <a href=""https://simplify.jobs/p/aa8ca880-8ca7-46cd-9cb6-8ffd06555b1d?utm_source=GHList""><img src=""https://i.imgur.com/aVnQdox.png"" width=""30"" alt=""Simplify""></a> ", Dec 18 
 Arista Networks , Software Engineer ‚Äì Fresh graduates ," Vancouver, BC, Canada ", üîí , Dec 16 
 NVIDIA , Semiconductor Safety Engineer ‚Äì New College Grad 2024 ," Austin, TX</br>Santa Clara, CA ", üîí , Dec 16 
 NVIDIA , DL Infrastructure Engineer ‚Äì New College Grad 2024 ," Santa Clara, CA ", üîí , Dec 16 
Rackner, Software Engineer ," Arlington, VA "," <a href=""https://boards.greenhouse.io/rackner/jobs/4351048005?utm_source=Simplify&ref=Simplify""><img src=""https://i.imgur.com/w6lyvuC.png"" width=""84"" alt=""Apply""></a> <a href=""https://simplify.jobs/p/b8e7840b-d463-46cf-b888-d455473ab9af?utm_source=GHList""><img src=""https://i.imgur.com/aVnQdox.png"" width=""30"" alt=""Simplify""></a> ", Dec 15 
 NVIDIA , Software Engineer ‚Äì New College Grad 2024 - Deep Learning Inference Workflows ," Santa Clara, CA ", üîí , Dec 15 
Column, Techops Engineer ‚Äì New Grad , SF ," <a href=""https://jobs.ashbyhq.com/column/6ae2fc02-bc21-4281-ae20-e816ebdf0d90/application?utm_source=Simplify&ref=Simplify""><img src=""https://i.imgur.com/w6lyvuC.png"" width=""84"" alt=""Apply""></a> <a href=""https://simplify.jobs/p/9bdcd991-4a37-4c93-bdd1-dd396d961714?utm_source=GHList""><img src=""https://i.imgur.com/aVnQdox.png"" width=""30"" alt=""Simplify""></a> ", Dec 15 
 Marshall Wace , New Grad Software Engineer ," New York, NY "," <a href=""https://www.mwam.com/news/graduate/technology-graduate-programme-nyc/?utm_source=Simplify&ref=Simplify""><img src=""https://i.imgur.com/u1KNU8z.png"" width=""118"" alt=""Apply""></a> ", Dec 14 
Canonical," Graduate Linux System Engineer - QA, Tooling, Automation ", Home based - Worldwide ," <a href=""https://canonical.com/careers/3964543?utm_source=Simplify&ref=Simplify""><img src=""https://i.imgur.com/u1KNU8z.png"" width=""118"" alt=""Apply""></a> ", Dec 14 
Relativity Space, GNC Engineer I ," Long Beach, CA "," <a href=""https://boards.greenhouse.io/relativity/jobs/7060330002?utm_source=Simplify&ref=Simplify""><img src=""https://i.imgur.com/w6lyvuC.png"" width=""84"" alt=""Apply""></a> <a href=""https://simplify.jobs/p/f92e40db-8e68-40e6-b0a6-4b879c2e0ce3?utm_source=GHList""><img src=""https://i.imgur.com/aVnQdox.png"" width=""30"" alt=""Simplify""></a> ", Dec 14 
Neuralink, Software Engineer New Grad ," Fremont, CA "," <a href=""https://boards.greenhouse.io/neuralink/jobs/5832835003?utm_source=Simplify&ref=Simplify""><img src=""https://i.imgur.com/w6lyvuC.png"" width=""84"" alt=""Apply""></a> <a href=""https://simplify.jobs/p/bd90b104-47bf-4bb3-8869-4da207d66e6d?utm_source=GHList""><img src=""https://i.imgur.com/aVnQdox.png"" width=""30"" alt=""Simplify""></a> ", Dec 13 
 NVIDIA , System Verification Infrastructure Engineer ‚Äì New College Grad 2024 ," Santa Clara, CA</br>Durham, NC</br>Hillsboro, OR ", üîí , Dec 13 
NVIDIA, Verification Engineer ‚Äì New College Grad 2024 - Memory Controller ," Toronto, ON, Canada "," <a href=""https://nvidia.wd5.myworkdayjobs.com/en-us/nvidiaexternalcareersite/job/Canada-Toronto/Verification-Engineer--Memory-Controller---New-College-Grad-2024_JR1976784?utm_source=Simplify&ref=Simplify""><img src=""https://i.imgur.com/w6lyvuC.png"" width=""84"" alt=""Apply""></a> <a href=""https://simplify.jobs/p/f01473a9-5ff0-4fd8-bfeb-82a291c37049?utm_source=GHList""><img src=""https://i.imgur.com/aVnQdox.png"" width=""30"" alt=""Simplify""></a> ", Dec 13 
 Wayfair , Data Engineer ," Cambridge, MA ", üîí , Dec 13 
 Minitab , Software Engineer ," State College, PA ", üîí , Dec 13 
 Fluence , Rotational Engineer-Early Career ," Houston, TX ", üîí , Dec 12 
 Workato , Interaction Designer ," Mountain View, CA ", üîí , Dec 12 
 Workato , Interaction Designer ," Toronto, ON, Canada ", üîí , Dec 12 
 NVIDIA , ASIC Timing Engineer ‚Äì New College Grad 2023 ," Santa Clara, CA ", üîí , Dec 12 
 Palantir , Product Designer ‚Äì New Grad ," London, UK ", üîí , Dec 11 
 Alto Pharmacy , Early Career Software Engineer , Remote , üîí , Dec 10 
 Nutanix , Software Engineer 1 / Early Career ," San Jose, CA ", üîí , Dec 09 
 Flipp , Data Engineer Associate , Remote , üîí , Dec 09 
 Salesforce , Software Engineer AMTS/MTS ‚Äì New Grad ," Seattle, WA</br>SF ", üîí , Dec 08 
 Fluence , Rotational Engineer-Early Career ," Houston, TX ", üîí , Dec 06 
 CDC Foundation , Data Analyst , Pennsylvania , üîí , Dec 06 
Palantir, Forward Deployed Operations Engineer ‚Äì New Grad - UK Government ," London, UK "," <a href=""https://jobs.lever.co/palantir/228262da-877a-4040-b866-2a0388745012/apply?utm_source=Simplify&ref=Simplify""><img src=""https://i.imgur.com/w6lyvuC.png"" width=""84"" alt=""Apply""></a> <a href=""https://simplify.jobs/p/728f54e6-291b-4d2e-9229-2869dbf16426?utm_source=GHList""><img src=""https://i.imgur.com/aVnQdox.png"" width=""30"" alt=""Simplify""></a> ", Dec 05 
NVIDIA, Compiler Engineer ‚Äì New College Grad 2024 - LLVM ," Austin, TX</br>Redmond, WA</br>Santa Clara, CA "," <a href=""https://nvidia.wd5.myworkdayjobs.com/en-us/nvidiaexternalcareersite/job/US-CA-Santa-Clara/Compiler-Engineer--LLVM---New-College-Grad-2024_JR1976292?utm_source=Simplify&ref=Simplify""><img src=""https://i.imgur.com/w6lyvuC.png"" width=""84"" alt=""Apply""></a> <a href=""https://simplify.jobs/p/c62115f7-6407-45b5-8f98-609b61391a38?utm_source=GHList""><img src=""https://i.imgur.com/aVnQdox.png"" width=""30"" alt=""Simplify""></a> ", Dec 05 
 Ripple , Software Engineer I ," Toronto, ON, Canada ", üîí , Dec 02 
E-Space, GNC Software Engineer ," Saratoga, CA "," <a href=""https://jobs.lever.co/espace/0d7b029d-555b-497a-993b-700bf96cd74f/apply?utm_source=Simplify&ref=Simplify""><img src=""https://i.imgur.com/w6lyvuC.png"" width=""84"" alt=""Apply""></a> <a href=""https://simplify.jobs/p/5205eacd-2c6b-4166-bdb3-58c6e4fe2c35?utm_source=GHList""><img src=""https://i.imgur.com/aVnQdox.png"" width=""30"" alt=""Simplify""></a> ", Dec 02 
 Visa , Software Engineer - New College Grad-2024 ," Atlanta, GA ", üîí , Dec 02 
 Visa , Software Engineer - New College Grad-2024 ," Austin, TX ", üîí , Dec 02 
 Hex Technologies , AI Engineer , Remote , üîí , Dec 02 
 Proprio , Software Engineer: Algorithms ," Seattle, WA ", üîí , Dec 01 
pony.ai, Software Engineer - Data and Evaluation ," Fremont, CA "," <a href=""https://apply.workable.com/pony-dot-ai/j/56A463E1D3/apply?utm_source=Simplify&ref=Simplify""><img src=""https://i.imgur.com/w6lyvuC.png"" width=""84"" alt=""Apply""></a> <a href=""https://simplify.jobs/p/11dd71d6-6294-43e1-aa72-69ed7329f37c?utm_source=GHList""><img src=""https://i.imgur.com/aVnQdox.png"" width=""30"" alt=""Simplify""></a> ", Dec 01 
 theScore , Data Scientist ," Toronto, ON, Canada ", üîí , Nov 30 
 Arsiem Corporation , Software Engineer 0 ," Annapolis Junction, MD ", üîí , Nov 30 
 Instacart , Software Engineer ," Toronto, ON, Canada ", üîí , Nov 30 
 Penn Interactive , Data Scientist ," Philadelphia, PA ", üîí , Nov 30 
 Cadence Design Systems , Software Engineer ‚Äì New College Grad 2024 ," Northridge, LA ", üîí , Nov 30 
 Cadence Design Systems , Software Engineer ‚Äì New College Grad 2024 ," San Jose, CA ", üîí , Nov 30 
 Weee! , Logistics Analyst ," Fremont, CA ", üîí , Nov 30 
 The Boeing Company , Early career Software Implementation Developer ," Montreal, QC, Canada ", üîí , Nov 30 
 Technergetics , Entry Level Software Developer , Remote , üîí , Nov 30 
 NVIDIA , System Software Engineer ‚Äì New College Grad 2024 - GPU Server ," Santa Clara, CA ", üîí , Nov 30 
 Episode Six , Associate Devops Engineer ," Austin, TX ", üîí , Nov 30 
 Navan (fka TripActions) , New College Grad Software Engineer - Front-End ," Palo Alto, CA ", üîí , Nov 30 
 NVIDIA , Physical Design Methodology and Operations Engineer ‚Äì New College Grad 2024 ," Santa Clara, CA ", üîí , Nov 30 
 GigaBrain , Software Engineer , LA , üîí , Nov 29 
 Rhombus Power , Data Engineer - Active TS or TS/SCI Clearance - Washington DC ," Washington, DC ", üîí , Nov 09 
 Rhombus Power , Data Engineer - Active TS or TS/SCI Clearance - Honolulu ," Honolulu, HI ", üîí , Nov 09 
 Visa , Associate Cybersecurity Analyst ‚Äì New College Grad ," Austin, TX ", üîí , Nov 08 
 Visa , Software Test Engineer ‚Äì New College Grad ," San Mateo, CA ", üîí , Nov 08 
 Salesforce , Software Engineering AMTS ‚Äì New Grad ," <details><summary>**4 locations**</summary>Palo Alto, CA</br>Seattle, WA</br>SF</br>Kirkland, WA</details> ", üîí , Nov 07 
 Visa , Systems Engineer ‚Äì New College Grad - 2024 ," Ashburn, VA ", üîí , Nov 07 
 Affirm , Software Engineer ‚Äì Early Career ," Chicago, IL ", üîí , Nov 07 
 Affirm , Software Engineer ‚Äì Early Career , SF , üîí , Nov 07 
 Affirm , Software Engineer ‚Äì Early Career , NYC , üîí , Nov 07 
 Uber , 2024 Software Engineering Boost Fellowship - US , NYC , üîí , Nov 03 
 Constellation Technologies , Software Engineer 0 ," Odenton, MD ", üîí , Nov 03 
 Visa , Software Engineer - New College Grad-2024 ," Austin, TX ", üîí , Nov 03 
 Visa , Software Engineer - New College Grad-2024 ," Atlanta, GA ", üîí , Nov 03 
 Oscar Health , Data Scientist I - Risk Analytics , LA , üîí , Nov 03 
 Oscar Health , Data Scientist I - Risk Analytics , NYC , üîí , Nov 03 
 Oscar Health , Data Scientist I - Risk Analytics , Remote , üîí , Nov 03 
 Rocket Lab USA , GNC Engineer I ," Long Beach, CA ", üîí , Nov 02 
 Okta , Site Reliability Engineer ," London, UK ", üîí , Nov 02 
Movable Ink, Associate Software Developer - Integrations ," Toronto, ON, Canada "," <a href=""https://movableink.com/careers/5478132?gh_jid=5478132&utm_source=Simplify&ref=Simplify""><img src=""https://i.imgur.com/w6lyvuC.png"" width=""84"" alt=""Apply""></a> <a href=""https://simplify.jobs/p/60cbc5c2-00d9-4168-bd07-50228d8e1efe?utm_source=GHList""><img src=""https://i.imgur.com/aVnQdox.png"" width=""30"" alt=""Simplify""></a> ", Nov 02 
 Arista Networks , Software Engineer ," Vancouver, BC, Canada ", üîí , Nov 02 
 Arista Networks , Software Engineer - Packet Forwarding Engines ," Vancouver, BC, Canada ", üîí , Nov 02 
 Arista Networks , Software Engineer - Network Systems ," Vancouver, BC, Canada ", üîí , Nov 02 
 Matroid , Full Stack Engineer for Computer Vision Products ," Palo Alto, CA ", üîí , Nov 02 
 ServiceNow , Machine Learning Engineer ‚Äì New Grad ," Montreal, QC, Canada ", üîí , Nov 01 
Palantir, Software Engineer ‚Äì New Grad ," Washington, DC "," <a href=""https://jobs.lever.co/palantir/19d5e5f8-37a6-4a6f-b2ca-423370b3a1c2/apply?utm_source=Simplify&ref=Simplify""><img src=""https://i.imgur.com/w6lyvuC.png"" width=""84"" alt=""Apply""></a> <a href=""https://simplify.jobs/p/e94f5b72-1ca3-4376-8098-a07eacf2d7e1?utm_source=GHList""><img src=""https://i.imgur.com/aVnQdox.png"" width=""30"" alt=""Simplify""></a> ", Oct 31 
 Wisk , Software Engineer ," Mesa, AZ ", üîí , Oct 30 
 Nutanix , Software Engineer 1 / Early Career ," San Jose, CA ", üîí , Oct 27 
 Visa , Site Reliability Engineer ‚Äì New College Grad - 2024 ," Denver, CO ", üîí , Oct 27 
 Palantir , Software Engineer ‚Äì New Grad ," Washington, DC ", üîí , Oct 26 
 Visa , Site Reliability Engineer ‚Äì New College Grad - 2024 ," Austin, TX ", üîí , Oct 26 
 AnaVation LLC , Software Developer - Remote ," Chantilly, VA ", üîí , Oct 25 
 Palantir , Forward Deployed Software Engineer ‚Äì New Grad - UK Government ," London, UK ", üîí , Oct 25 
 Cadence Design Systems , Software Engineer ‚Äì New College Grad 2024 ," Austin, TX</br>San Jose, CA ", üîí , Oct 25 
 Jane Street , Teaching Assistants - Mathematics - Academy of Math and Programming - Amp , NYC , üîí , Oct 24 
 Jane Street , Teaching Assistants - Computer Science - Academy of Math and Programming - Amp , NYC , üîí , Oct 24 
 Palantir , Software Engineer ‚Äì New Grad ," Seattle, WA ", üîí , Oct 23 
 Cadence Design Systems , Software Engineer ‚Äì New College Grad 2024 ," San Jose, CA</br>Pittsburgh, PA ", üîí , Oct 23 
 Salesforce , Software Engineering AMTS ‚Äì New Grad ," Seattle, WA</br>SF</br>Remote in USA ", üîí , Oct 23 
 Cover Genius , Client Solutions Engineer ," London, UK ", üîí , Oct 21 
 Alchemy , Software Engineer ‚Äì New Grad , SF</br>NYC , üîí , Oct 20 
 The Athletic Media Company , Software Engineer - Full Stack - Australia , United States , üîí , Oct 18 
 Loop , Software Engineer ‚Äì 2024 New Grad , SF , üîí , Oct 18 
 Loop , Software Engineer ‚Äì 2024 New Grad ," Chicago, IL ", üîí , Oct 18 
 Salesforce , Software Engineering AMTS/MTS ‚Äì New Grad ," <details><summary>**10 locations**</summary>Cambridge, MA</br>Seattle, WA</br>Indianapolis, IN</br>SF</br>Remote in USA</br>Chicago, IL</br>NYC</br>Bellevue, WA</br>Atlanta, GA</br>Burlington, MA</details> ", üîí , Oct 18 
 Jane Street , Operations Specialist , NYC , üîí , Oct 14 
 Immuta , Software Engineer - Application Support ," Hyattsville, MD ", üîí , Oct 13 
 Immuta , Software Engineer - Application Support ," Hyattsville, MD ", üîí , Oct 13 
Figma," Associate Product Manager, Early Career (2024) "," San Francisco, CA</br>New York, NY, "," <a href=""https://app.ripplematch.com/v2/public/job/d7342288/details?utm_source=Simplify&ref=Simplify""><img src=""https://i.imgur.com/u1KNU8z.png"" width=""118"" alt=""Apply""></a> ", Oct 12 
 Cummins , Software Engineer Entry Level Full Time Positions ," Columbus, Indiana "," <a href=""https://cummins.jobs/columbus-in/software-engineering-entry-level-full-time-positions/5DC8B81CE0244B7A903DFD6D251C7A74/job/?vs=7000&utm_source=Simplify&ref=Simplify""><img src=""https://i.imgur.com/u1KNU8z.png"" width=""118"" alt=""Apply""></a> ", Oct 12 
Wayfair, Software Engineer I - Summer 2024 ," Boston, Massachusetts "," <a href=""https://www.wayfair.com/careers/job/software-engineer-i/6945942002?utm_source=Simplify&ref=Simplify""><img src=""https://i.imgur.com/u1KNU8z.png"" width=""118"" alt=""Apply""></a> ", Oct 12 
 Palantir , Product Designer ‚Äì New Grad ," Washington, DC ", üîí , Oct 11 
 Palantir , Product Designer ‚Äì New Grad , NYC , üîí , Oct 11 
 Tenstorrent , Physical Design Engineer ‚Äì New Grad - AI/CPU Silicon Design , United States , üîí , Oct 11 
 Zoom , AI Machine Learning Engineer ‚Äì New Grad ," Oakland, CA ", üîí , Oct 11 
 Zoom , AI Machine Learning Engineer ‚Äì New Grad ," Oakland, CA ", üîí , Oct 11 
 Zoom , AI Machine Learning Speech Engineer ‚Äì New Grad ," Oakland, CA ", üîí , Oct 11 
 Zoom , AI Machine Learning Engineer ‚Äì New Grad ," Oakland, CA ", üîí , Oct 11 
NVIDIA, Solutions Architect ‚Äì New College Grad - Wwfo ," Santa Clara, CA "," <a href=""https://nvidia.wd5.myworkdayjobs.com/en-us/nvidiaexternalcareersite/job/US-CA-Santa-Clara/Solutions-Architect--WWFO---New-College-Grad_JR1970906-1?utm_source=Simplify&ref=Simplify""><img src=""https://i.imgur.com/w6lyvuC.png"" width=""84"" alt=""Apply""></a> <a href=""https://simplify.jobs/p/2b3b00e6-e994-4d77-8f05-4b856b44650f?utm_source=GHList""><img src=""https://i.imgur.com/aVnQdox.png"" width=""30"" alt=""Simplify""></a> ", Oct 11 
 Qumulo , Software Development Engineer: Entry-Level - 2024 ," Seattle, WA ", üîí , Oct 11 
 Forward , Software Engineer ‚Äì Entry Level - Full Stack , SF , üîí , Oct 10 
 NimbleRx , Data Analyst ," San Carlos, CA ", üîí , Oct 10 
 NVIDIA , Silicon Solution Engineer ‚Äì New College Grad 2024 ," Santa Clara, CA ", üîí , Oct 10 
 Sprout Social , Associate Software Engineer ‚Äì New Grad , Remote in USA , üîí , Oct 10 
 NVIDIA , Infrastructure Engineer ‚Äì New College Grad 2024 ," Toronto, ON, Canada ", üîí , Oct 10 
 Grammarly , Software Engineer ‚Äì New Grad , Remote in USA</br>United States , üîí , Oct 10 
 Chartboost , Software Engineer - Bidder , Remote in USA , üîí , Oct 04 
 NVIDIA , Compiler Engineer ‚Äì New College Grad - LLVM ," Austin, TX</br>Redmond, WA</br>Santa Clara, CA ", üîí , Oct 04 
RVO Health, 2024 Early Career Program: Business Analysis Associate ," Charlotte, NC "," <a href=""https://boards.greenhouse.io/rvohealth/jobs/4324509005?utm_source=Simplify&ref=Simplify""><img src=""https://i.imgur.com/w6lyvuC.png"" width=""84"" alt=""Apply""></a> <a href=""https://simplify.jobs/p/bb5e31be-4ccc-499d-b4d8-365c74648866?utm_source=GHList""><img src=""https://i.imgur.com/aVnQdox.png"" width=""30"" alt=""Simplify""></a> ", Oct 03 
 Visa , Software Engineer - New College Grad-2024 ," San Mateo, CA ", üîí , Oct 03 
 Visa , Software Engineer - New College Grad-2024 ," Austin, TX ", üîí , Oct 03 
 Visa , Software Engineer - New College Grad-2024 ," Atlanta, GA ", üîí , Oct 03 
 Applied Intuition , Embedded Software Engineer ‚Äì New Grad ," Mountain View, CA ", üîí , Oct 02 
 CDC Foundation , Data Analyst , Arizona , üîí , Oct 02 
 Chartboost , Data Engineer , SF , üîí , Sep 30 
 Businessolver , Java Engineer I - Work Remotely within the United States , Remote in USA , üîí , Sep 29 
 Palantir , Software Engineer ‚Äì New Grad ," Denver, CO ", üîí , Sep 29 
 SoFi , New Grad ‚Äì Software Engineer - Borrow ," Helena, MT ", üîí , Sep 29 
 Optiver , Campus: Software Engineer - 2024 Start - Austin ," Austin, TX ", üîí , Sep 29 
 84.51 Degrees , Software Engineer - Development Program 2024 ," Chicago, IL</br>Cincinnati, OH ", üîí , Sep 29 
 Duolingo , Product Designer ‚Äì New Grad ," Pittsburgh, PA ", üîí , Sep 29 
 ServiceNow , Utg ‚Äì New Grad - Software Quality Engineer ," San Diego, CA ", üîí , Sep 29 
 Figma , Business Data Scientist ‚Äì Early Career - 2024 , SF</br>NYC , üîí , Sep 28 
 Zoom , Video Codec Engineer ‚Äì New Grad ," Oakland, CA ", üîí , Sep 28 
 Pomelo , Software Engineer ‚Äì New Graduates , SF , üîí , Sep 27 
 Boston Dynamics AI Institute , Robot Application Engineer ," Cambridge, MA ", üîí , Sep 26 
 Cantina , Media Software Engineer - Real-Time ," Sunnyvale, CA ", üîí , Sep 26 
 FreedomPay , Software Engineer Associate - Device Team ," Philadelphia, PA ", üîí , Sep 26 
 Pinterest , University Grad Software Engineer - USA , Remote in USA , üîí , Sep 26 
 Pinterest , University Grad Software Engineer - Palo Alto ," Palo Alto, CA ", üîí , Sep 26 
 Pinterest , Mobile Engineer University Grad - USA , Remote in USA , üîí , Sep 26 
 HBK Capital Management , Systems Developer ," Dallas, TX ", üîí , Sep 26 
 XTX Markets , Operations Analyst - New York , NYC , üîí , Sep 25 
 Uncountable , Product Manager (New Grad) , SF</br>NYC , üîí , Sep 25 
 Conduit , Software Engineer ‚Äì New Grad , SF , üîí , Sep 24 
HPR (Hyannis Port Research), Software Engineer I ," Needham, MA "," <a href=""https://boards.greenhouse.io/hyannisportresearch/jobs/5597621003?utm_source=Simplify&ref=Simplify""><img src=""https://i.imgur.com/w6lyvuC.png"" width=""84"" alt=""Apply""></a> <a href=""https://simplify.jobs/p/96c767c5-c497-4669-9bc9-2df91901eccd?utm_source=GHList""><img src=""https://i.imgur.com/aVnQdox.png"" width=""30"" alt=""Simplify""></a> ", Sep 24 
 Abnormal Security , Machine Learning Engineer , Remote in USA , üîí , Sep 23 
 NVIDIA , Developer Technology Engineer ‚Äì New College Grad - Public Sector ," Santa Clara, CA ", üîí , Sep 22 
 NVIDIA , Deep Learning Algorithm Engineer ‚Äì New College Grad ," Santa Clara, CA ", üîí , Sep 22 
 Abnormal Security , Software Engineer II - Machine Learning , Remote , üîí , Sep 22 
 Pear VC , Founding Software Engineer , NYC , üîí , Sep 21 
 OptionMetrics , IT Operations Engineering Manager , NYC , üîí , Sep 21 
 Salesforce , Software Engineering AMTS ‚Äì New Grad ," Seattle, WA</br>SF</br>Remote in USA ", üîí , Sep 20 
 Scale AI , Operations Program Manager - Customer Operations ," Seattle, WA</br>SF</br>NYC ", üîí , Sep 20 
 Scale AI , Operations Associate ," <details><summary>**4 locations**</summary>SF</br>Dallas, TX</br>St. Louis, MO</br>NYC</details> ", üîí , Sep 20 
 Codazen , Full-Stack Engineer Winter New Grad ," Irvine, CA ", üîí , Sep 20 
 Oscar Health , Data Scientist I - Risk Analytics , Remote , üîí , Sep 20 
 Oscar Health , Data Scientist I - Risk Analytics , LA , üîí , Sep 20 
 Oscar Health , Data Scientist I - Risk Analytics , NYC , üîí , Sep 20 
Trumid, Fixed Income Operations Analyst , NYC ," <a href=""https://boards.greenhouse.io/trumid/jobs/4976920003?utm_source=Simplify&ref=Simplify""><img src=""https://i.imgur.com/w6lyvuC.png"" width=""84"" alt=""Apply""></a> <a href=""https://simplify.jobs/p/23bc99ee-fcd6-4118-8f64-7f7e9eac4d70?utm_source=GHList""><img src=""https://i.imgur.com/aVnQdox.png"" width=""30"" alt=""Simplify""></a> ", Sep 19 
 NVIDIA , Firmware Engineer ‚Äì New College Grad 2023 ," Santa Clara, CA ", üîí , Sep 19 
 TuSimple , Map Engine Engineer ," San Diego, CA ", üîí , Sep 18 
 TuSimple , Localization Engineer ," San Diego, CA ", üîí , Sep 18 
 Chan Zuckerberg Biohub  , Application Engineer - Advanced Optical Microscopy , SF , üîí , Sep 18 
 ZipRecruiter , Software Engineer ‚Äì New Grad ," Santa Monica, CA ", üîí , Sep 18 
 Hitachi Vantara , Technical Customer Success Engineer ," Orlando, FL ", üîí , Sep 18 
 EliseAI , Software Engineer ‚Äì 2024 Campus Grads - 2023 , NYC , üîí , Sep 17 
 Elise AI , Operations ‚Äì 2024 Campus Grads - 2023 , NYC , üîí , Sep 17 
 Chartboost , Software Engineer - Bidder , Remote in USA , üîí , Sep 15 
 Relativity Space , Simulation Engineer I ," Long Beach, CA ", üîí , Sep 15 
 Capital One , FT Associate ‚Äì New Grad 2024 - Data Analyst ," Toronto, ON, Canada ", üîí , Sep 15 
 Capital One , Associate ‚Äì FT New Grad 2024 - Software Engineer ," Toronto, ON, Canada ", üîí , Sep 15 
Edward Daniels Group, Cloud Engineer - Public Clouds ," Dallas, TX "," <a href=""https://jobs.lever.co/edgrp/befb6be7-c278-49a6-951e-bd7327085af7/apply?utm_source=Simplify&ref=Simplify""><img src=""https://i.imgur.com/w6lyvuC.png"" width=""84"" alt=""Apply""></a> <a href=""https://simplify.jobs/p/5df28b97-6a36-4d28-ad86-5e0b91807ac2?utm_source=GHList""><img src=""https://i.imgur.com/aVnQdox.png"" width=""30"" alt=""Simplify""></a> ", Sep 15 
 Regrello , Software Engineer - AI , Remote in USA , üîí , Sep 13 
 Vanta , Software Engineer ‚Äì New Grad , SF , üîí , Sep 13 
 Riot Games , Analyst ‚Äì Competitive and Social & Player Dynamics - Valorant , LA , üîí , Sep 13 
Perpay, Junior Data Analyst ," Philadelphia, Pa "," <a href=""https://boards.greenhouse.io/perpay/jobs/4034489007?utm_source=Simplify&ref=Simplify""><img src=""https://i.imgur.com/u1KNU8z.png"" width=""118"" alt=""Apply""></a> ", Sep 13 
 Capital One , Associate ‚Äì FT New Grad 2024 - Data Analyst ," Toronto, ON, Canada ", üîí , Sep 13 
 Arista Networks , Software Engineer ," Vancouver, BC, Canada ", üîí , Sep 12 
 Taboola , Solutions Engineer ," London, UK ", üîí , Sep 12 
Orion Innovation, Programmer Analyst ," Edison, NJ "," <a href=""https://www.orioninc.com/careers/job/?gh_jid=4066069006&utm_source=Simplify&ref=Simplify""><img src=""https://i.imgur.com/w6lyvuC.png"" width=""84"" alt=""Apply""></a> <a href=""https://simplify.jobs/p/dd758103-1a50-47c9-b37a-be9696dc227c?utm_source=GHList""><img src=""https://i.imgur.com/aVnQdox.png"" width=""30"" alt=""Simplify""></a> ", Sep 12 
Orion Innovation, Programmer Analyst ," Edison, NJ "," <a href=""https://www.orioninc.com/careers/job/?gh_jid=4066072006&utm_source=Simplify&ref=Simplify""><img src=""https://i.imgur.com/w6lyvuC.png"" width=""84"" alt=""Apply""></a> <a href=""https://simplify.jobs/p/0702d171-e061-4086-b25d-f01b5a7110ad?utm_source=GHList""><img src=""https://i.imgur.com/aVnQdox.png"" width=""30"" alt=""Simplify""></a> ", Sep 12 
 Arista Networks , UX Designer - Remote from Turkey - Hungary or Romania , Remote , üîí , Sep 12 
 Arista Networks , Software Engineer - Packet Forwarding Engines ," Vancouver, BC, Canada ", üîí , Sep 12 
 Arista Networks , Software Engineer - Network Systems ," Vancouver, BC, Canada ", üîí , Sep 12 
 Connectly , Software Engineer - Backend , Remote , üîí , Sep 12 
 Vontive , New Grad Software Engineer - 2023 , SF , üîí , Sep 12 
 Matroid , Vision Solutions Field Engineer ," Palo Alto, CA ", üîí , Sep 12 
 Matroid , Full Stack Engineer for Computer Vision Products ," Palo Alto, CA ", üîí , Sep 12 
 HealthJoy , Analytics Engineer I , Remote in USA , üîí , Sep 12 
 Aviatrix , Software Engineer ‚Äì New Grad ," Urbana, IL ", üîí , Sep 11 
Perpay, Software Engineer ‚Äì New Grad 2024 ," Philadelphia, PA "," <a href=""https://boards.greenhouse.io/perpay/jobs/4034578007?utm_source=Simplify&ref=Simplify""><img src=""https://i.imgur.com/w6lyvuC.png"" width=""84"" alt=""Apply""></a> <a href=""https://simplify.jobs/p/87535675-cdd3-44ea-b36f-622b1a2be47b?utm_source=GHList""><img src=""https://i.imgur.com/aVnQdox.png"" width=""30"" alt=""Simplify""></a> ", Sep 11 
 Phaidra , Software Engineer - Connectivity , Remote , üîí , Sep 11 
 Garmin , SOFTWARE ENGINEER 1 - EMBEDDED DEVELOPMENT ," Olathe, KS "," <a href=""https://careers.garmin.com/careers-home/jobs/11249?lang=en-us&iss=linkedin&utm_source=Simplify&ref=Simplify""><img src=""https://i.imgur.com/u1KNU8z.png"" width=""118"" alt=""Apply""></a> ", Sep 11 
 Sony Music Entertainment , Data Analytics Rotation Training Program-2024 , NYC , üîí , Sep 11 
 Samsara , Software Engineer ‚Äì New Grad , Remote , üîí , Sep 09 
 Chartboost , Software Engineer - Bidder , Remote , üîí , Sep 08 
 Wolverine Trading , Entry-Level Software Engineer - Immediate Start ," Chicago, IL ", üîí , Sep 08 
 Wellington Management , Software Engineering Track ‚Äì Investment Services & Technology Early Career Program - Class of 2024 - Boston ," Cambridge, MA ", üîí , Sep 07 
 Okta , Software Engineer New Grad - Customer Identity Cloud , Remote in USA , üîí , Sep 07 
 Capital One , FT Associate ‚Äì New Grad 2024 - Software Engineer ," Toronto, ON, Canada ", üîí , Sep 07 
 Workato , Interaction Designer , Remote in USA , üîí , Sep 07 
 WhatNot , Software Engineer ‚Äì 2024 New Grad , Remote , üîí , Sep 07 
 Applied Materials , Software Engineer ‚Äì New College Grad Opportunity - Common Systems Software ," Santa Clara, CA ", üîí , Sep 07 
 Top Hat , Software Developer , Canada , üîí , Sep 07 
 OptionMetrics , IT Operations Engineer , NYC , üîí , Sep 06 
 Nuro , Software Engineer - Web Application ," Mountain View, CA ", üîí , Sep 06 
 Glean , Software Engineer ‚Äì University Grad ," Palo Alto, CA ", üîí , Sep 05 
 Chartboost , Software Engineer - Bidder - Spain , Remote , üîí , Sep 05 
 RVO Health , 2024 Early Career Program: Associate Data Analyst ," Charlotte, NC ", üîí , Sep 01 
 RVO Health , 2024 Early Career Program: Software Engineering Intern ," Charlotte, NC ", üîí , Sep 01 
 RVO Health , 2024 Early Career Program: Software Engineer ," Charlotte, NC ", üîí , Sep 01 
Applied Intuition, Software Engineer ‚Äì New Grad ," Mountain View, CA "," <a href=""https://boards.greenhouse.io/appliedintuition/jobs/4296158005?utm_source=Simplify&ref=Simplify""><img src=""https://i.imgur.com/w6lyvuC.png"" width=""84"" alt=""Apply""></a> <a href=""https://simplify.jobs/p/3a49f685-42f4-4aac-86a5-765f0cf8f1cd?utm_source=GHList""><img src=""https://i.imgur.com/aVnQdox.png"" width=""30"" alt=""Simplify""></a> ", Sep 01 
 ZipRecruiter , Software Engineer ‚Äì New Grad ," Santa Monica, CA ", üîí , Sep 01 
 SeatGeek , Software Engineer ‚Äì New Grad , NYC , üîí , Sep 01 
 SeatGeek , Software Engineer ‚Äì New Grad , Remote in USA , üîí , Sep 01 
 SeatGeek , Application Security Engineer ‚Äì New Grad , NYC , üîí , Sep 01 
 SeatGeek , Application Security Engineer ‚Äì New Grad , Remote in USA , üîí , Sep 01 
 SeatGeek , Data Analyst ‚Äì New Grad , NYC , üîí , Sep 01 
 SeatGeek , Data Analyst ‚Äì New Grad , Remote in USA , üîí , Sep 01 
 January , Software Engineer - New York City , NYC , üîí , Aug 31 
 January , Software Engineer - San Francisco , SF , üîí , Aug 31 
 Disher , RPA Developer , Remote , üîí , Aug 30 
Ramp, New Grad 2024 - Software Engineer - Backend , NYC ," <a href=""https://jobs.ashbyhq.com/ramp/29663a4b-c457-4a38-bbdf-069f189b20eb/application?utm_source=Simplify&ref=Simplify""><img src=""https://i.imgur.com/w6lyvuC.png"" width=""84"" alt=""Apply""></a> <a href=""https://simplify.jobs/p/ebe01b3a-3eff-478b-baa4-8981955031a1?utm_source=GHList""><img src=""https://i.imgur.com/aVnQdox.png"" width=""30"" alt=""Simplify""></a> ", Aug 30 
 Bankers Healthcare Group , Quantitative Analyst - Credit Risk ," Plantation, FL ", üîí , Aug 30 
 Bankers Healthcare Group , Quantitative Analyst - Credit Risk , Remote in USA , üîí , Aug 30 
 NVIDIA , GPU Performance Software Engineer ‚Äì New College Grad 2023 ," Santa Clara, CA ", üîí , Aug 30 
 The Boeing Company , Manager Software Development ‚Äì Early Career Program ," Seattle, WA ", üîí , Aug 30 
 Stripe , Software Engineering ‚Äì New Grad ," Toronto, ON, Canada ", üîí , Aug 30 
Ramp, New Grad 2024 - Software Engineer - Frontend , NYC ," <a href=""https://jobs.ashbyhq.com/ramp/0ae01d73-3f48-4722-9810-0c6c1940d7bd/application?utm_source=Simplify&ref=Simplify""><img src=""https://i.imgur.com/w6lyvuC.png"" width=""84"" alt=""Apply""></a> <a href=""https://simplify.jobs/p/e41da6ef-819c-48f2-98a9-d4717ceb3fa8?utm_source=GHList""><img src=""https://i.imgur.com/aVnQdox.png"" width=""30"" alt=""Simplify""></a> ", Aug 30 
 Wisetack , Credit Risk Analyst , Remote in USA , üîí , Aug 29 
 Jagger , IT Manager ," Abbotsford, BC, Canada ", üîí , Aug 29 
 Hudson River Trading , Software Engineer ‚Äì 2024 Grads - C++ , NYC , üîí , Aug 28 
 Hudson River Trading , Software Engineer ‚Äì 2024 Grads - C++ ," London, UK ", üîí , Aug 28 
 Hudson River Trading , Algorithm Developer ‚Äì 2024 Grads , NYC , üîí , Aug 28 
 Netflix , New Grad Software Engineer - 2024 ," Los Gatos, CA ", üîí , Aug 28 
 Relativity Space , Materials and Process Engineer II ," Long Beach, CA ", üîí , Aug 25 
 NVIDIA , Software Engineer ‚Äì New College Grad 2024 - Deep Learning Cudnn ," Santa Clara, CA ", üîí , Aug 25 
Turbo.net, Software Engineer ," Redmond, WA "," <a href=""https://boards.greenhouse.io/turbo/jobs/4115212005?utm_source=Simplify&ref=Simplify""><img src=""https://i.imgur.com/w6lyvuC.png"" width=""84"" alt=""Apply""></a> <a href=""https://simplify.jobs/p/4230fa0e-b911-45ee-a6d7-c8d9e6d50ac3?utm_source=GHList""><img src=""https://i.imgur.com/aVnQdox.png"" width=""30"" alt=""Simplify""></a> ", Aug 25 
 Hitachi Vantara , Software Development Engineer - Full Stack ," Waltham, MA ", üîí , Aug 25 
 Hitachi Vantara , Entry Level Software Engineer ," Wimborne Minster, Wimborne, UK ", üîí , Aug 25 
 Figma , Data Scientist ‚Äì Early Career - 2024 , SF</br>NYC , üîí , Aug 25 
 Businessolver , Java Engineer I - Work Remotely within the USA , Remote in USA , üîí , Aug 24 
 Qualtrics , Software Engineer ‚Äì New Grad - Seattle - WA ," Seattle, WA ", üîí , Aug 24 
 Qualtrics , Software Engineer ‚Äì New Grad - Provo - UT ," Provo, UT ", üîí , Aug 24 
 Qualtrics , Software Engineer ‚Äì New Grad - Reston - VA ," Reston, VA ", üîí , Aug 24 
 Anyscale , Software Engineer ‚Äì New Grad 2024 , SF , üîí , Aug 24 
 OKX  , Software Engineer ‚Äì New Grad - Backend - Mobile ," San Jose, CA ", üîí , Aug 23 
 Benefitfocus , Data Analyst , Remote in USA , üîí , Aug 23 
 NVIDIA , Semiconductor Safety Engineer ‚Äì New College Grad 2023 ," Austin, TX</br>Santa Clara, CA ", üîí , Aug 22 
Scale AI, Machine Learning Research Engineer ‚Äì New Grad , SF ," <a href=""https://boards.greenhouse.io/scaleai/jobs/4305880005?utm_source=Simplify&ref=Simplify""><img src=""https://i.imgur.com/w6lyvuC.png"" width=""84"" alt=""Apply""></a> <a href=""https://simplify.jobs/p/614bd3d7-ab05-48e3-8028-576e487abf70?utm_source=GHList""><img src=""https://i.imgur.com/aVnQdox.png"" width=""30"" alt=""Simplify""></a> ", Aug 22 
 Scale AI , Software Engineer ‚Äì New Grad , SF , üîí , Aug 22 
 Enable , Entry-Level Implementation Analyst ," Toronto, ON, Canada ", üîí , Aug 22 
 Okcoin , Software Engineer ‚Äì New Grad - Backend - Frontend - Mobile ," San Jose, CA ", üîí , Aug 22 
 Reliable Robotics , Remote Piloting UX Engineer ," Mountain View, CA ", üîí , Aug 22 
 Ready , Full Stack Software Engineer , SF , üîí , Aug 22 
 Stripe , Software Engineering ‚Äì New Grad ," Toronto, ON, Canada ", üîí , Aug 21 
 Stripe , Software Engineering ‚Äì New Grad ," <details><summary>**4 locations**</summary>Seattle, WA</br>SF</br>Chicago, IL</br>NYC</details> ", üîí , Aug 21 
 Figma , Software Engineer ‚Äì Early Career - 2024 , SF</br>NYC , üîí , Aug 21 
 Zscaler , Software Engineer ," San Jose, CA ", üîí , Aug 21 
Palantir, Software Engineer ‚Äì New Grad ," London, UK "," <a href=""https://jobs.lever.co/palantir/d372c805-d0cd-4a10-9522-fbecc78d6f3e/apply?utm_source=Simplify&ref=Simplify""><img src=""https://i.imgur.com/w6lyvuC.png"" width=""84"" alt=""Apply""></a> <a href=""https://simplify.jobs/p/4cbc04d5-d651-438a-81ec-b82f768a6602?utm_source=GHList""><img src=""https://i.imgur.com/aVnQdox.png"" width=""30"" alt=""Simplify""></a> ", Aug 21 
Palantir, Forward Deployed Software Engineer ‚Äì New Grad ," London, UK "," <a href=""https://jobs.lever.co/palantir/73f6f11a-8165-4009-8dba-cc78ab9ca990/apply?utm_source=Simplify&ref=Simplify""><img src=""https://i.imgur.com/w6lyvuC.png"" width=""84"" alt=""Apply""></a> <a href=""https://simplify.jobs/p/791ef167-9292-42dd-9cf5-714780fb6097?utm_source=GHList""><img src=""https://i.imgur.com/aVnQdox.png"" width=""30"" alt=""Simplify""></a> ", Aug 21 
 Palantir , Software Engineer ‚Äì New Grad , NYC , üîí , Aug 21 
Uncountable, Full-Stack Engineer ‚Äì New Grad , SF</br>NYC ," <a href=""https://simplify.jobs/p/76f659b7-cf65-4fe2-8f7c-52e86db4428f?utm_source=Simplify&ref=Simplify""><img src=""https://i.imgur.com/w6lyvuC.png"" width=""84"" alt=""Apply""></a> <a href=""https://simplify.jobs/p/76f659b7-cf65-4fe2-8f7c-52e86db4428f?utm_source=GHList""><img src=""https://i.imgur.com/aVnQdox.png"" width=""30"" alt=""Simplify""></a> ", Aug 20 
 Rhombus Power , Data Engineer - Omaha ," Omaha, NE ", üîí , Aug 18 
 Rhombus Power , Data Engineer - Colorado Springs ," Colorado Springs, CO ", üîí , Aug 18 
 First American , Data Science Associate - Hybrid ," Orange, CA ", üîí , Aug 18 
 Jump Trading , Campus Quantitative Researcher - Full-Time ," London, UK ", üîí , Aug 18 
 Databricks , Data Scientist ‚Äì New Grad - 2024 Start , SF , üîí , Aug 18 
 Sonatype , Associate Data Scientist , Remote in USA , üîí , Aug 18 
 Allegiant Air , Software Middleware Engineer I ," Las Vegas, NV ", üîí , Aug 16 
 Salesforce , Associate Site Reliability Engineer ‚Äì New Grad - Govcloud ," Reston, VA</br>Burlington, MA ", üîí , Aug 14 
 Kitware , OSTP Software Developer ," Clifton Park, NY ", üîí , Aug 14 
 Celonis , Associate Value Engineer - Orbit Program , NYC , üîí , Aug 13 
 Celonis , Associate Value Engineer - Orbit ," Raleigh, NC ", üîí , Aug 13 
 AnaVation LLC , Software Engineer ," Reston, VA ", üîí , Aug 12 
Arrowstreet Capital, Quantitative Researcher ," Cambridge, MA "," <a href=""https://arrowstreetcapital.wd5.myworkdayjobs.com/en-US/Arrowstreet/job/Boston/Quantitative-Researcher_R788?utm_source=Simplify&ref=Simplify""><img src=""https://i.imgur.com/w6lyvuC.png"" width=""84"" alt=""Apply""></a> <a href=""https://simplify.jobs/p/d301b868-62db-4adf-9f68-b43640f3b0fa?utm_source=GHList""><img src=""https://i.imgur.com/aVnQdox.png"" width=""30"" alt=""Simplify""></a> ", Aug 11 
 Arrowstreet Capital , Quantitative Developer ," Cambridge, MA ", üîí , Aug 11 
 Magic Leap , Associate ‚Äì Software Engineer - Graphics Systems ," Sunnyvale, CA ", üîí , Aug 10 
 Jump Trading , Campus Quantitative Researcher - Full-Time ," Chicago, IL ", üîí , Aug 10 
 Hillel International , Hillel at the University of Wisconsin Springboard Fellow ," Madison, WI ", üîí , Aug 10 
 Gecko Robotics , Software Engineer ‚Äì New Grad - Robot Systems ," Pittsburgh, PA ", üîí , Aug 09 
 Gecko Robotics , Robotics ‚Äì New Grad - Localization Engineer ," Pittsburgh, PA ", üîí , Aug 09 
 Color , New Grad Software Engineer , Remote in USA , üîí , Aug 09 
 Tensley Consulting , Software Engineer Lvl 3 ," Annapolis Junction, MD ", üîí , Aug 09 
 Tensley Consulting , Software Engineer Level 1 - Java-focused ," Annapolis Junction, MD ", üîí , Aug 09 
 WeRide , Software Engineer ‚Äì New Grads 2024 ," San Jose, CA ", üîí , Aug 07 
 Palantir , Forward Deployed Software Engineer ‚Äì New Grad - US Government , NYC , üîí , Aug 07 
 Woodard Curran , Entry-level Data Integration Specialist ," Helena, MT ", üîí , Aug 07 
 Databricks , Software Engineer ‚Äì New Grad - 2024 Start ," Bellevue, WA ", üîí , Aug 04 
 Databricks , Software Engineer ‚Äì New Grad - Distributed Data Systems - 2024 Start ," Bellevue, WA ", üîí , Aug 04 
 Databricks , Software Engineer ‚Äì New Grad - 2024 Start ," Mountain View, CA ", üîí , Aug 04 
 Databricks , Software Engineer ‚Äì New Grad - 2024 Start , SF , üîí , Aug 04 
 Databricks , Software Engineer ‚Äì New Grad - Distributed Data Systems - 2024 Start ," Mountain View, CA ", üîí , Aug 04 
The Voleon Group, Data Scientist ," Oakland, CA "," <a href=""https://jobs.lever.co/voleon/ebd0306d-4353-4b10-be9d-479af8127617/apply?utm_source=Simplify&ref=Simplify""><img src=""https://i.imgur.com/w6lyvuC.png"" width=""84"" alt=""Apply""></a> <a href=""https://simplify.jobs/p/05818f02-8334-4c43-bc92-eb2b09113918?utm_source=GHList""><img src=""https://i.imgur.com/aVnQdox.png"" width=""30"" alt=""Simplify""></a> ", Aug 04 
 Belvedere Trading , Software Engineer ‚Äì Entry Level 2024 Chicago ," Chicago, IL ", üîí , Aug 04 
 Belvedere Trading , Junior Trader ‚Äì Entry Level 2024 ," Chicago, IL ", üîí , Aug 04 
 Constellation Technologies , Software Engineer 0 ," Odenton, MD ", üîí , Aug 03 
 Ramp , New Grad 2023 - Software Engineer - Frontend , NYC , üîí , Aug 02 
 Ramp , New Grad 2023 - Software Engineer - Backend , NYC , üîí , Aug 02 
 Skyryse , Model Based Design Software Engineer ," El Segundo, CA ", üîí , Aug 02 
 NVIDIA , ASIC Clocks Engineer ‚Äì New College Grad 2023 ," Santa Clara, CA ", üîí , Aug 02 
 Veeva Systems , Associate Software Engineer ‚Äì Seeking 2024 Grads ," Raleigh, NC ", üîí , Aug 02 
 Veeva Systems , Associate Software Engineer ‚Äì Master‚Äôs 2024 Graduates in Computer Science ," Cambridge, MA ", üîí , Aug 02 
 Veeva Systems , Associate Performance Engineer ‚Äì Seeking 2024 Grads ," Cambridge, MA ", üîí , Aug 02 
 Waabi , Software Engineer - Simulation ," Toronto, ON, Canada</br>SF</br>Remote in USA ", üîí , Aug 02 
Veeva Systems, Associate Software Engineer ‚Äì Seeking 2024 Grads ," Cambridge, MA "," <a href=""https://jobs.lever.co/veeva/ef05bae6-d743-4a19-ac00-3ad9881cac2e/apply?utm_source=Simplify&ref=Simplify""><img src=""https://i.imgur.com/w6lyvuC.png"" width=""84"" alt=""Apply""></a> <a href=""https://simplify.jobs/p/99a5345c-0dc1-4719-af78-03a0bd03533e?utm_source=GHList""><img src=""https://i.imgur.com/aVnQdox.png"" width=""30"" alt=""Simplify""></a> ", Aug 02 
 Veeva Systems , Associate Software Engineer ‚Äì Master‚Äôs 2024 Graduates in Computer Science ," Toronto, ON, Canada ", üîí , Aug 02 
 Veeva Systems , Associate Performance Engineer ‚Äì Seeking 2024 Grads ," Pleasanton, CA ", üîí , Aug 02 
Veeva Systems, Associate Performance Engineer ‚Äì Seeking 2024 Grads ," Toronto, ON, Canada "," <a href=""https://jobs.lever.co/veeva/ad20a133-f6ac-4545-b758-a1313abdb0fa/apply?utm_source=Simplify&ref=Simplify""><img src=""https://i.imgur.com/w6lyvuC.png"" width=""84"" alt=""Apply""></a> <a href=""https://simplify.jobs/p/3e569289-bf9b-427c-ac73-6152ef7a97e9?utm_source=GHList""><img src=""https://i.imgur.com/aVnQdox.png"" width=""30"" alt=""Simplify""></a> ", Aug 02 
 Veeva Systems , Associate Mobile Engineer ‚Äì Seeking 2024 Grads ," Columbus, OH ", üîí , Aug 02 
 Veeva Systems , Associate Mobile Engineer ‚Äì Seeking 2024 Grads ," Pleasanton, CA ", üîí , Aug 02 
Veeva Systems, Associate Software Engineer ‚Äì Seeking 2024 Grads ," Kansas City, MO "," <a href=""https://jobs.lever.co/veeva/10ac573d-64da-4a28-8cc2-05167e0d6789/apply?utm_source=Simplify&ref=Simplify""><img src=""https://i.imgur.com/w6lyvuC.png"" width=""84"" alt=""Apply""></a> <a href=""https://simplify.jobs/p/6d93a0fb-29ab-4fa9-98de-4207b7478d00?utm_source=GHList""><img src=""https://i.imgur.com/aVnQdox.png"" width=""30"" alt=""Simplify""></a> ", Aug 02 
 Veeva Systems , Associate Software Engineer ‚Äì Master‚Äôs 2024 Graduates in Computer Science ," Kansas City, MO ", üîí , Aug 02 
 Veeva Systems , Associate Software Engineer ‚Äì Master‚Äôs 2024 Graduates in Computer Science ," Columbus, OH ", üîí , Aug 02 
 Veeva Systems , Associate Software Engineer ‚Äì Seeking 2024 Grads ," Toronto, ON, Canada ", üîí , Aug 02 
 Veeva Systems , Associate Software Engineer ‚Äì Seeking 2024 Grads ," Columbus, OH ", üîí , Aug 02 
 Veeva Systems , Associate Software Engineer ‚Äì Master‚Äôs 2024 Graduates in Computer Science ," Raleigh, NC ", üîí , Aug 02 
Veeva Systems, Associate Software Engineer ‚Äì Seeking 2024 Grads ," Pleasanton, CA "," <a href=""https://jobs.lever.co/veeva/689b64ea-1518-483e-9c47-b41fd72fdcfa/apply?utm_source=Simplify&ref=Simplify""><img src=""https://i.imgur.com/w6lyvuC.png"" width=""84"" alt=""Apply""></a> <a href=""https://simplify.jobs/p/0ed8b19a-cee7-4d7f-9b54-1c3863536432?utm_source=GHList""><img src=""https://i.imgur.com/aVnQdox.png"" width=""30"" alt=""Simplify""></a> ", Aug 02 
 Veeva Systems , Associate Software Engineer ‚Äì Master‚Äôs 2024 Graduates in Computer Science ," Pleasanton, CA ", üîí , Aug 02 
 Yassir , Backend Software Engineer , Remote , üîí , Aug 02 
 Fluence , Rotational Engineer ," Pittsburgh, PA ", üîí , Aug 02 
 Yassir , Backend Software Engineer ," Montreal, QC, Canada ", üîí , Aug 02 
 Yassir , Backend Software Engineer ," London, UK ", üîí , Aug 02 
Canonical, Cloud Field Engineer ‚Äì Entry Level - Americas - Remote , Remote ," <a href=""https://boards.greenhouse.io/canonical/jobs/5130154?utm_source=Simplify&ref=Simplify""><img src=""https://i.imgur.com/w6lyvuC.png"" width=""84"" alt=""Apply""></a> <a href=""https://simplify.jobs/p/94832aed-3fbf-4054-9afc-24df644ac445?utm_source=GHList""><img src=""https://i.imgur.com/aVnQdox.png"" width=""30"" alt=""Simplify""></a> ", Aug 02 
 Sentry , Software Engineer ‚Äì New Grad - 2024 ," Toronto, ON, Canada ", üîí , Aug 01 
 Sentry , Software Engineer ‚Äì New Grad - 2024 , SF , üîí , Aug 01 
 Palantir , Forward Deployed Software Engineer ‚Äì New Grad , NYC , üîí , Aug 01 
Palantir, Forward Deployed Software Engineer ‚Äì New Grad - US Government ," Washington, DC "," <a href=""https://jobs.lever.co/palantir/cbe90327-3e6e-451c-a54c-1d3cbcef5aeb/apply?utm_source=Simplify&ref=Simplify""><img src=""https://i.imgur.com/w6lyvuC.png"" width=""84"" alt=""Apply""></a> <a href=""https://simplify.jobs/p/f6f83b45-cf4c-4a3e-8f32-4c64672610a1?utm_source=GHList""><img src=""https://i.imgur.com/aVnQdox.png"" width=""30"" alt=""Simplify""></a> ", Aug 01 
 Gecko Robotics , Software Engineer ‚Äì New Grad ," Cambridge, MA ", üîí , Jul 31 
 Gecko Robotics , Forward Deployed Engineer ‚Äì New Grad , NYC , üîí , Jul 31 
 Alarm.com , Software Engineer ," Liberty Lake, WA ", üîí , Jul 31 
 NVIDIA , System Verification Infrastructure Engineer ‚Äì New College Grad 2023 ," Santa Clara, CA</br>Durham, NC</br>Hillsboro, OR ", üîí , Jul 27 
 Taboola , Solutions Engineer ," London, UK ", üîí , Jul 20 
Vatic Investments, Quantitative Researcher ‚Äì Grads - Full Time , NYC ," <a href=""https://boards.greenhouse.io/vaticlabs/jobs/53549?utm_source=Simplify&ref=Simplify""><img src=""https://i.imgur.com/w6lyvuC.png"" width=""84"" alt=""Apply""></a> <a href=""https://simplify.jobs/p/23894828-e082-4590-b0bf-b6af86ba42b1?utm_source=GHList""><img src=""https://i.imgur.com/aVnQdox.png"" width=""30"" alt=""Simplify""></a> ", Jul 19 
 Sonatype , Associate Engineer - Lifecycle / Firewall , Remote , üîí , Jul 19 
 Konrad Group , Software Developer ‚Äì Entry Level ," Toronto, ON, Canada ", üîí , Jul 19 
 Squarepoint Capital , Financing Trader , NYC , üîí , Jul 19 
 Applied Intuition , Product Application Engineer ‚Äì New Grad ," Mountain View, CA ", üîí , Jul 19 
 Verdant Robotics , Machine Learning Devops Engineer ," Hayward, CA ", üîí , Jul 19 
Study.com, Associate Software Engineer ," Mountain View, CA "," <a href=""https://jobs.lever.co/Study.com/97db6059-b701-4fff-97d7-0e1a85d513c2/apply?utm_source=Simplify&ref=Simplify""><img src=""https://i.imgur.com/w6lyvuC.png"" width=""84"" alt=""Apply""></a> <a href=""https://simplify.jobs/p/bf3dc737-4043-40b5-ae20-f18ea69ca886?utm_source=GHList""><img src=""https://i.imgur.com/aVnQdox.png"" width=""30"" alt=""Simplify""></a> ", Jul 19 
KoBold Metals, Associate Data Scientist ," Lusaka, Zambia "," <a href=""https://boards.greenhouse.io/koboldmetals/jobs/4283639005?utm_source=Simplify&ref=Simplify""><img src=""https://i.imgur.com/w6lyvuC.png"" width=""84"" alt=""Apply""></a> <a href=""https://simplify.jobs/p/3797b7cc-deea-4d23-b709-6833a135d1d8?utm_source=GHList""><img src=""https://i.imgur.com/aVnQdox.png"" width=""30"" alt=""Simplify""></a> ", Jul 19 
ION Group, Trading Support Analyst - Toronto ," Toronto, ON, Canada "," <a href=""https://jobs.lever.co/ion/cdbeca09-e04a-4dfe-9b2e-9b125f2881e3/apply?utm_source=Simplify&ref=Simplify""><img src=""https://i.imgur.com/w6lyvuC.png"" width=""84"" alt=""Apply""></a> <a href=""https://simplify.jobs/p/753bdcf8-6983-4344-b7cd-4833a9b33bc8?utm_source=GHList""><img src=""https://i.imgur.com/aVnQdox.png"" width=""30"" alt=""Simplify""></a> ", Jul 19 
ION Group, Trading Support Analyst - Jersey City , NYC ," <a href=""https://jobs.lever.co/ion/aac1933b-9db6-4252-b44e-7a3f55d68c47/apply?utm_source=Simplify&ref=Simplify""><img src=""https://i.imgur.com/w6lyvuC.png"" width=""84"" alt=""Apply""></a> <a href=""https://simplify.jobs/p/038e3a4b-e145-43f1-b036-94725b6dfea0?utm_source=GHList""><img src=""https://i.imgur.com/aVnQdox.png"" width=""30"" alt=""Simplify""></a> ", Jul 19 
Wolverine Trading, Entry-Level Trader ," Chicago, IL "," <a href=""https://jobs.lever.co/wolve/1ef76232-0c1b-4c1f-b446-d25d0d97708f/apply?utm_source=Simplify&ref=Simplify""><img src=""https://i.imgur.com/w6lyvuC.png"" width=""84"" alt=""Apply""></a> <a href=""https://simplify.jobs/p/41fc7222-635e-48c5-ae8f-1fff0030f8cb?utm_source=GHList""><img src=""https://i.imgur.com/aVnQdox.png"" width=""30"" alt=""Simplify""></a> ", Jul 19 
 Aquatic Capital Management , Software Engineer: Early Career ," Chicago, IL ", üîí , Jul 19 
Aquatic Capital Management, Quantitative Researcher: Early Career ," Chicago, IL "," <a href=""https://boards.greenhouse.io/aquaticcapitalmanagement/jobs/6825774002?utm_source=Simplify&ref=Simplify""><img src=""https://i.imgur.com/w6lyvuC.png"" width=""84"" alt=""Apply""></a> <a href=""https://simplify.jobs/p/fe91a8c6-e8e8-498c-839c-daf7e881bb4a?utm_source=GHList""><img src=""https://i.imgur.com/aVnQdox.png"" width=""30"" alt=""Simplify""></a> ", Jul 19 
Point72, Data Scientist - Proprietary Research , NYC ," <a href=""https://boards.greenhouse.io/point72/jobs/4644238002?utm_source=Simplify&ref=Simplify""><img src=""https://i.imgur.com/w6lyvuC.png"" width=""84"" alt=""Apply""></a> <a href=""https://simplify.jobs/p/95aecc3f-675c-4152-8ce7-1da05cf5b4f3?utm_source=GHList""><img src=""https://i.imgur.com/aVnQdox.png"" width=""30"" alt=""Simplify""></a> ", Jul 19 
 Old Mission , College Graduates - Full-Time - Junior Quant Trader - 2024 ," Chicago, IL ", üîí , Jul 19 
 Tower Research Capital , Quantitative Trader - 2024 , NYC , üîí , Jul 19 
 IXL Learning , Software Engineer ‚Äì New Grad ," San Mateo, CA ", üîí , Jul 19 
Old Mission, College Graduates - Full-Time - Junior Software Engineer - 2024 ," Chicago, IL "," <a href=""https://www.oldmissioncapital.com/careers/?gh_jid=5643831003&utm_source=Simplify&ref=Simplify""><img src=""https://i.imgur.com/w6lyvuC.png"" width=""84"" alt=""Apply""></a> <a href=""https://simplify.jobs/p/42b9157f-379f-45da-914f-2603072985dc?utm_source=GHList""><img src=""https://i.imgur.com/aVnQdox.png"" width=""30"" alt=""Simplify""></a> ", Jul 19 
Interactive Brokers, Application Programmer ," Greenwich, CT "," <a href=""https://boards.greenhouse.io/ibkr/jobs/4243486002?utm_source=Simplify&ref=Simplify""><img src=""https://i.imgur.com/w6lyvuC.png"" width=""84"" alt=""Apply""></a> <a href=""https://simplify.jobs/p/900a5668-2bc6-466e-be0d-d77ca0f4b025?utm_source=GHList""><img src=""https://i.imgur.com/aVnQdox.png"" width=""30"" alt=""Simplify""></a> ", Jul 19 
Interactive Brokers, Finance Entry-Level Career Opportunities: Institutional Services ," Greenwich, CT "," <a href=""https://boards.greenhouse.io/ibkr/jobs/6104610002?utm_source=Simplify&ref=Simplify""><img src=""https://i.imgur.com/w6lyvuC.png"" width=""84"" alt=""Apply""></a> <a href=""https://simplify.jobs/p/62660f4a-8e68-4d84-b573-e2ba403e7f2a?utm_source=GHList""><img src=""https://i.imgur.com/aVnQdox.png"" width=""30"" alt=""Simplify""></a> ", Jul 19 
Akuna Capital, Software Engineer - Entry-Level - C++ ," Chicago, IL "," <a href=""https://www.akunacapital.com/job-details?gh_jid=5136022&utm_source=Simplify&ref=Simplify""><img src=""https://i.imgur.com/w6lyvuC.png"" width=""84"" alt=""Apply""></a> <a href=""https://simplify.jobs/p/1f4a37d6-99c3-4afb-a748-ea03ead2a7fa?utm_source=GHList""><img src=""https://i.imgur.com/aVnQdox.png"" width=""30"" alt=""Simplify""></a> ", Jul 19 
 Akuna Capital , Performance Engineer - Entry-Level ," Chicago, IL ", üîí , Jul 19 
 Basis Technologies , Associate Systems Engineer ," Chicago, IL ", üîí , Jul 19 
 Konrad Group , Mobile Developer ‚Äì Entry Level ," Toronto, ON, Canada ", üîí , Jul 19 
 Konrad Group , Mobile Developer ‚Äì Entry Level ," Vancouver, BC, Canada ", üîí , Jul 19 
 Forward , Strategy and Operations ‚Äì New Grad , SF , üîí , Jul 19 
Veeva Systems, Associate Quality Engineer ," Toronto, ON, Canada "," <a href=""https://jobs.lever.co/veeva/0ec5445b-fe7f-49e2-8039-b3eb385a21d8/apply?utm_source=Simplify&ref=Simplify""><img src=""https://i.imgur.com/w6lyvuC.png"" width=""84"" alt=""Apply""></a> <a href=""https://simplify.jobs/p/769eae64-9b5a-4cc7-9d7b-223be07b4abf?utm_source=GHList""><img src=""https://i.imgur.com/aVnQdox.png"" width=""30"" alt=""Simplify""></a> ", Jul 19 
Veeva Systems, Associate Quality Engineer ," Cambridge, MA "," <a href=""https://jobs.lever.co/veeva/aca8cd98-e800-45b9-94bc-cb2c3077b49d/apply?utm_source=Simplify&ref=Simplify""><img src=""https://i.imgur.com/w6lyvuC.png"" width=""84"" alt=""Apply""></a> <a href=""https://simplify.jobs/p/107434ad-93c2-46c4-b61a-8a84dd1838f4?utm_source=GHList""><img src=""https://i.imgur.com/aVnQdox.png"" width=""30"" alt=""Simplify""></a> ", Jul 19 
 Virtu Financial , Trading Operations Analyst ," Austin, TX ", üîí , Jul 19 
Tower Research Capital, Quantitative Research Analyst ," <details><summary>**5 locations**</summary>Las Vegas, NV</br>Miami, FL</br>Chicago, IL</br>NYC</br>Charleston, SC</details> "," <a href=""https://www.tower-research.com/open-positions/?gh_jid=16635&utm_source=Simplify&ref=Simplify""><img src=""https://i.imgur.com/w6lyvuC.png"" width=""84"" alt=""Apply""></a> <a href=""https://simplify.jobs/p/19901f3d-e33b-4b9c-b026-24847c329e1b?utm_source=GHList""><img src=""https://i.imgur.com/aVnQdox.png"" width=""30"" alt=""Simplify""></a> ", Jul 19 
 Harmony , AI Backend Engineer ," Palo Alto, CA ", üîí , Jul 19 
 IXL Learning , Software Engineer ‚Äì New Grad ," Raleigh, NC ", üîí , Jul 19 
 Konrad Group , Software Developer ‚Äì Entry Level ," Vancouver, BC, Canada ", üîí , Jul 19 
