Portal_ID,Company
01HQY4F1HC1XGPARVQC09JMXXB,Skinte
01HQY4F1HCVSC3ECXQQ0181Z9Y,Topicware
01HQY4F1HDQFA6E50X5N6AB7P7,Yakidoo
01HQY4F1HDDE43MHBEJD2ZG5AB,Innotype
01HQY4F1HDZAG3B5F4D146GEXR,Meeveo
01HQY4F1HDFSQDJPAFBP1QBFAH,Tazz
01HQY4F1HEKCAH2NM81258VAFM,Yambee
01HQY4F1HEKZQ6VF8RW72W8M96,Layo
01HQY4F1HEF3P3M4X39JRMFYBK,Kwinu
01HQY4F1HEEY99TYC85AKB87BZ,Quinu
01HQY4F1HFKQA9XKN0VKY865YF,Eire
01HQY4F1HFCP3XW6CG80RE2RRE,DabZ
01HQY4F1HFCZW7QG4XQM9T6ZE6,Photospace
01HQY4F1HFJB63AW9DBMN03ZBA,Dynabox
01HQY4F1HGTPTSEZTX52AHM1T6,Miboo
01HQY4F1HGJC85FG3N9KKRK5C5,Browsezoom
01HQY4F1HG2FYKW9TZMMYN081X,Blogspan
01HQY4F1HGPP1YZVCREA8N9H2K,Realmix
01HQY4F1HHMR37MHZ0TAVX9E08,Buzzster
01HQY4F1HHKKGW7M2FKREFX19J,Blogtags
01HQY4F1HHG0939GB4ZAYBSWJM,Camido
01HQY4F1HH6BDQP11Q6Q1HCQF2,Jamia
01HQY4F1HJKJFWV0AB9T2GA9ZE,Wikizz
01HQY4F1HJ094TW2W6DGAPE393,Zoonoodle
01HQY4F1HJ803QSDS2FS09GCXY,DabZ
01HQY4F1HJEYXKJDBYT2K9EA2G,Jazzy
01HQY4F1HK33A5X5C7YWDTN8NR,Rhynyx
01HQY4F1HK9PGMD7NVWH6X50A1,Gabspot
01HQY4F1HKS32XC2H5VJZJK25J,Jabbertype
01HQY4F1HMRBEEPX0234ENZGEW,Jamia
01HQY4F1HMC3KW501R1JJ5ZQT6,Blognation
01HQY4F1HM3PFST5NVCZG2HZQD,Voonix
01HQY4F1HMRQ80VX5AZF163DKE,JumpXS
01HQY4F1HNWK1AKW5SPE7WGVES,Feedbug
01HQY4F1HN3T3QKYC46AGVC3D2,Wikivu
01HQY4F1HNKTNQ4TMQ15SCGEST,Bubbletube
01HQY4F1HN5KA0E8PQ9FG79RSS,Twitterworks
01HQY4F1HPCY6C1P52JEZYWJJY,Twitterwire
01HQY4F1HP8JXJQH18GHSF92VA,Brightbean
01HQY4F1HPWGED4KW1VAZ5HFEX,Cogidoo
01HQY4F1HPHE0J50D2Q9D4R9HE,Voonder
01HQY4F1HQ1EC7R7MWM9DS3XW8,Blogpad
01HQY4F1HQ367ME6AXB6MQA8Q9,Trudeo
01HQY4F1HQ2J70R84XKQ5ZR4SY,Edgewire
01HQY4F1HQJTTW7SBZW7DPAAY6,Katz
01HQY4F1HR02RS303WF5G2A3ER,Kimia
01HQY4F1HREWX1TZ8C5T3A5W38,Yotz
01HQY4F1HRCJ9PNMR028J4M4FB,Linkbuzz
01HQY4F1HRCD22G9HYVHWQR0YF,Zava
01HQY4F1HS887TYX2R6XW8KC0S,Nlounge
01HQY4F1HSKF42Q1MK2J4BAAVT,Chatterbridge
01HQY4F1HST9M0P6N2ZGN9DF6V,Roombo
01HQY4F1HSDSDA9KXB5ZZGYSV3,Dazzlesphere
01HQY4F1HTWK9BMH7Z98FBVA10,Roombo
01HQY4F1HT1QN6AMRHVM36HPNZ,Ntag
01HQY4F1HT9C0CDH361BPCGXHG,Topicblab
01HQY4F1HTW5F6SJ0601FZDDYF,Zooxo
01HQY4F1HV6AXPF8TDRQV3P9KE,Riffwire
01HQY4F1HVMFTHA2CCCACD74HD,Topicshots
01HQY4F1HVNDJSRN13EEHRJNN7,Kazio
01HQY4F1HVVDE60X7QQEF4R8ZA,Voonyx
01HQY4F1HWBJT5KJHG0HQ0ZGE9,Reallinks
01HQY4F1HW1EC3G76ZBCZY49BZ,Photobug
01HQY4F1HW8HY5THBMXWA80EKS,Wikibox
01HQY4F1HWDAX2QC3GH2YC33NW,Browsecat
01HQY4F1HXKGBSP2KEA2HGP9H1,Myworks
01HQY4F1HX6YSPE4AGW3CNN5MQ,Quinu
01HQY4F1HXJN5WB4D913X5Y38Y,Oyonder
01HQY4F1HX5Z8F34BK9K4PDJ9J,Skilith
01HQY4F1HY9ZZF3K64SWMMWC3C,Mydeo
01HQY4F1HY8XS2037N7K7DEF97,Browsezoom
01HQY4F1HY1RNKKN7145ZFKGHS,Realcube
01HQY4F1HY4N4ZNS94H339F1W9,Aimbo
01HQY4F1HZ9J2ZZD176ZHR8EZ9,Dazzlesphere
01HQY4F1HZGWZCRYHGTKZJG0YE,Demizz
01HQY4F1HZQ4M98XJ6TND4GC88,Pixope
01HQY4F1J0JSSV1HVEX780ANE5,Gevee
01HQY4F1J0M29HRV3603D94FR2,Flipbug
01HQY4F1J0V9HXYD5JBNWA5RAY,Feedfish
01HQY4F1J07DE45WV3EKK7YWJ9,Buzzbean
01HQY4F1J1PJDFQP55Z0DS3RCS,Digitube
01HQY4F1J1CXCK8ACFHY6XWS78,Livetube
01HQY4F1J149VK9T7H7PXC5724,Brainsphere
01HQY4F1J12VW49GYD5BQRHWJG,Quamba
01HQY4F1J2F3EA6C8JXTHRVRB0,Yoveo
01HQY4F1J2RF2E0JMNZSXB6GAZ,Camido
01HQY4F1J2AJA3BJX4WM8S3ZEJ,Plajo
01HQY4F1J2CXYS8RAWN2H9TJNS,Demimbu
01HQY4F1J38RJ7NK0W0A8F9XCD,Devpoint
01HQY4F1J3DG92KD4CQAT40ZRD,Twimbo
01HQY4F1J30PEH9BAEAHTS7EGF,Kazu
01HQY4F1J33M831HH67A50KWGN,Dabfeed
01HQY4F1J4E19KXEC58TGZ1NKJ,Mydeo
01HQY4F1J4GCMNHBHV0BVY59AK,Myworks
01HQY4F1J483XZWVYFXR0M69YF,Vidoo
01HQY4F1J49EK22KA4KSBNVNN4,Buzzbean
01HQY4F1J50EYP85J6ANYXPV4R,Trudoo
01HQY4F1J52XGT0R3T99X54J8Q,Brainsphere
01HQY4F1J58VSNXYX1AMAKVD95,Dabtype
01HQY4F1J5674HRVZ6D2RBAQJC,Realmix
01HQY4F1J6GQHQTTZKZW5428T7,Lajo
01HQY4F1J6R3ZCKJN407VFDDRC,Browsecat
01HQY4F1J62VHHSQWEGX2AY8AH,Skalith
01HQY4F1J6B9N91SH9WWPSQ450,Zava
01HQY4F1J7804H026QPKVX8MQP,Roodel
01HQY4F1J739QR3XN5KYZCGSBW,InnoZ
01HQY4F1J7KWC34FRA5TRBPWYN,Divavu
01HQY4F1J7RK7YPRKM4TH75GHN,Pixonyx
01HQY4F1J83H469CY4G3VBMQDS,Oyondu
01HQY4F1J8XWJQ4S54T6TBMDPJ,Dabtype
01HQY4F1J8PZ3APY4XFEMWD96A,Gabcube
01HQY4F1J8J89G1015QQW81W6B,Tazzy
01HQY4F1J9ZWHFS6QZAC3V879D,Trupe
01HQY4F1J9B8AGAQAKKZH0AVVG,Edgeclub
01HQY4F1J9TTW0J7PWWG5SCVDR,Shufflester
01HQY4F1J92JTFVV4NARAH9JKJ,Quatz
01HQY4F1JA3FCCTNN3208VWN79,Eare
01HQY4F1JATV3BC91KDR2ZKGQY,Flipbug
01HQY4F1JA04BQW64603996DE2,Riffpedia
01HQY4F1JA919TX1GAYGH0EM10,Divape
01HQY4F1JBW5Q40S27E9DC61SC,Eayo
01HQY4F1JBQJYQ2RQ1VDR2YHJJ,Agivu
01HQY4F1JB5EKC5NQDN4RCZDXR,Centidel
01HQY4F1JB6RCVTW1J1CRFE12N,Jaloo
01HQY4F1JCPNVC0BQ8TJBYMH09,Browsedrive
01HQY4F1JCD61QBQJ6WWMDKJNB,Oyoloo
01HQY4F1JCJGBN56GYRFSWW7SM,Layo
01HQY4F1JCN0S8PZBH3G90XMGK,Twitterlist
01HQY4F1JDKRYZ3QCZ0BAPNJ3R,Mycat
01HQY4F1JD2J13P739HPBK24FK,Katz
01HQY4F1JD4QZ4N4FC1Z1HFW0C,Skimia
01HQY4F1JDNXSFGA6Z608X7P8D,Browsedrive
01HQY4F1JEM0DK4DG9GSRRQKFY,Twitterwire
01HQY4F1JE8VA4R4837F9DZKAB,Centimia
01HQY4F1JE81P0QGN5DN461HWK,Avamm
01HQY4F1JEB4K3NDWWB780JMPQ,Oyonder
01HQY4F1JFFTN2DZAXRX5NTKPQ,Geba
01HQY4F1JFHZBBKRDRC04H8208,Yakidoo
01HQY4F1JFZNCBQ8NSRTWWRFTZ,Yambee
01HQY4F1JGS9JN5ESNV8Y7PG7W,Brainlounge
01HQY4F1JG85AN4EKW2KNJT59Z,Voonder
01HQY4F1JGQ81BARS13XRB0ZT6,Devbug
01HQY4F1JG4CZDZ2APXZCQFVE8,Topiclounge
01HQY4F1JHM4DTZPGKJH2BV75A,Feedfire
01HQY4F1JHG4QAX66GSE2XYSWN,Browsebug
01HQY4F1JH9X8RPPN6ZD774ZXZ,Skyvu
01HQY4F1JHN7H6PE0TBKHRTPQP,Centizu
01HQY4F1JJ4WM08JTC3VKYYQHQ,Reallinks
01HQY4F1JJ1694PV0WFGD51NPW,Skinix
01HQY4F1JJP7FMZPHXBMKYT48S,Dabjam
01HQY4F1JJT88TW66J33DXJHAT,Jayo
01HQY4F1JKN2428VK3DTXR7630,Mudo
01HQY4F1JK0E6AJSK85CQCMDRN,Thoughtstorm
01HQY4F1JKQSPNB7APKWMC3KV3,Zoonder
01HQY4F1JKJG30MTGS4DDB7J8T,Riffwire
01HQY4F1JMVD2FCQB1M6PXFW43,Yamia
01HQY4F1JM5NPXHV2TNJDJ36QG,Eare
01HQY4F1JM6GWMTDRYH82P4KCK,Flashset
01HQY4F1JMC983XYWDPM4EW3N5,Shuffletag
01HQY4F1JN7326TTHEWB01K5WC,Jayo
01HQY4F1JNWBJ93CB5KCF2KDMK,Skimia
01HQY4F1JNYQ9MX2QGXZVM76YF,Wikizz
01HQY4F1JNG50BZ8GPDHG4J30S,Kamba
01HQY4F1JPZQEXMYGHQF6WBGP7,Devpulse
01HQY4F1JPBEVB900AQDNFZSCR,Oyonder
01HQY4F1JPS2JFGPVHB6W9AJZZ,Trupe
01HQY4F1JPD3P3JN89SZHNH7MQ,Linktype
01HQY4F1JQT2CMV6SPEBVDXXX4,Quimm
01HQY4F1JQ7R19E8FD9CHGCVX4,Rhyloo
01HQY4F1JQ8W7WS5Q3GRD7DME6,Eidel
01HQY4F1JR4SK08H7B3ZJGXGC5,Topiclounge
01HQY4F1JRWTBCZ7B68BCTZS65,Mycat
01HQY4F1JRTGQ41Y87VM181ENJ,Pixope
01HQY4F1JRHTKSG0WE62KD649W,Dabfeed
01HQY4F1JSSZ8Q58TYMVSJPKE4,Voonte
01HQY4F1JS1TS5WGADHBBNN5C0,Katz
01HQY4F1JS1WN549XHQER3E0XE,Oyonder
01HQY4F1JS071FBF8KT64XJXE8,Innojam
01HQY4F1JTTN125W3ASR513JHP,Twimm
01HQY4F1JTQKZ7FR75XBS5Y8KN,Yabox
01HQY4F1JTME9VXT5FYQFWNXMB,Brainsphere
01HQY4F1JTVTYKHVE9N0ZNHMHK,Fivespan
01HQY4F1JV0SGJ3JD17DNYNQ52,Jaxnation
01HQY4F1JVEX9A5Y8MS2TC5Y0M,Photolist
01HQY4F1JVS2N6AQP3C8NJNEKJ,Zazio
01HQY4F1JVMP4DMMFD1G8TCWHQ,Jabberbean
01HQY4F1JWWW8CD556CCWVCHCB,LiveZ
01HQY4F1JWJQ6S0WS0JQT5FY3X,Wikido
01HQY4F1JW5VG69P0FYR9P43EZ,Agimba
01HQY4F1JW64393V7GP1FBWRD8,Gabtype
01HQY4F1JXJ893A2C4G7WJHSY0,Rhybox
01HQY4F1JX4MBJ2XX4F2DMBMQE,Riffpedia
01HQY4F1JX2JGS8C7MMCMBYSMT,Gigaclub
01HQY4F1JXBQ2J8NWT6TCBSE19,Agivu
01HQY4F1JYA6EBGRP8AJR0DGZ8,Yakijo
01HQY4F1JYJQ2P8M8VCQ7Q7HZ0,Skiptube
01HQY4F1JYAG5R3XK1Z4NK7HJR,Jabberbean
01HQY4F1JYJ0HTSRADG4J39JSC,Shuffledrive
01HQY4F1JZYV3P6GKPYQ8NQ2B7,Voomm
01HQY4F1JZMV8W182RCRWKAV4H,Jabberstorm
01HQY4F1JZ9M22CJD2HPV5GCEH,Feedfish
01HQY4F1K021ZNTF5ZAAE8J8XT,Voolia
01HQY4F1K01371NVKTT9GZ710K,Ozu
01HQY4F1K0R3M1645DH8G1J8CF,Skibox
01HQY4F1K00XT1C5SVFQPZD8NH,Edgeblab
01HQY4F1K15N5ZFCGQYVXJKXPJ,Oyoyo
01HQY4F1K1GJGGXJRPXT9DBJT7,Skilith
01HQY4F1K12JC473WDCBW9J2C8,Voonyx
01HQY4F1K1GRRSC3BW9J498PVQ,Tagpad
01HQY4F1K22XWKDFT8KEEF25MS,Browsetype
01HQY4F1K263JNNH5913CDKJ0W,Youfeed
01HQY4F1K25Z1KK7CZ6995990W,Tagchat
01HQY4F1K2MG0NWEZ0GN871K9H,Realcube
01HQY4F1K3JYYXNX14DT0KHT9K,Dabvine
01HQY4F1K3P7G5335YW6QRQ80V,Trilith
01HQY4F1K3PVRCFNEHR5R8K4QZ,Skidoo
01HQY4F1K3B0CA1Z9V8MK37YA5,Bluejam
01HQY4F1K4FYR0WEDNG9HN7ABX,Trudoo
01HQY4F1K4XTNKWWNGEGB4TZBK,Linkbuzz
01HQY4F1K47E6Y9MKKDDGT9WQF,Thoughtblab
01HQY4F1K42H6MVQ6JKXDRT97G,Thoughtmix
01HQY4F1K5X84DVA3JVK0P98Z8,Dabshots
01HQY4F1K5FW5WBMQ8HGDAP7DZ,Kwilith
01HQY4F1K5YRFRAPYFYVA3KTW3,Wordtune
01HQY4F1K53Z9Z429EKNR6MDME,Quamba
01HQY4F1K5R9RARYKGN464BQ5E,Twitterbridge
01HQY4F1K6CK5H0VJCA48T3MFJ,Realcube
01HQY4F1K64RV41PSG84G7AC8Y,Kwimbee
01HQY4F1K61GAXZPYXBGQN6K4W,Yodoo
01HQY4F1K603729ZXYEPN60GCT,Rooxo
01HQY4F1K731HX7MGDTVJTW51P,Riffwire
01HQY4F1K74MH1CMF48X537XF8,Kayveo
01HQY4F1K7ABM8S7VFCQE9TD3N,Jazzy
01HQY4F1K72Y8FV31W9VG61F6M,Skalith
01HQY4F1K83FN0RJN28D65A0VH,Rhynyx
01HQY4F1K898YRPFCQKQKW850Z,Katz
01HQY4F1K88NQGP10Z1AA3Z213,Centidel
01HQY4F1K8R8T2H60A5GWF9ZVG,Wikizz
01HQY4F1K9C7G53GQ438AS70HE,Pixoboo
01HQY4F1K9G3HWSS2NEBJXVWVC,Flashdog
01HQY4F1K95AD7654QJMRKF8D4,Centimia
01HQY4F1K9TZS4EVHFKN2AH6EM,Oyoyo
01HQY4F1KAGNNY51SP1QJVSNZ7,Eadel
01HQY4F1KAZVZ6DE35C8FAMJBH,Tazzy
01HQY4F1KA8YT9NC9J4FWKFEST,Quaxo
01HQY4F1KAC4G9YCXWDBBV3GYN,Jetpulse
01HQY4F1KBZ97XXGEKHYZQ8DM4,Leexo
01HQY4F1KBD4DEW6GJVP91KQ0T,Jaxnation
01HQY4F1KBR8SNJZC2GYVMGEDF,Feedbug
01HQY4F1KBM40VG933P0GVR8BX,Yotz
01HQY4F1KCNY4ZVGB865PKWW21,Twitterworks
01HQY4F1KCJFVKBZP8N5XPR5JY,Topicshots
01HQY4F1KCJM090CQX9TSPT614,Oyoyo
01HQY4F1KCCHN668849H7VN5GR,Avaveo
01HQY4F1KD8FYF2YM2543D6WFN,Gigabox
01HQY4F1KDRHH0Y6R06HTTHKM0,Oyoba
01HQY4F1KD04WGDZ6SHQWEZMFD,Devpulse
01HQY4F1KDCVVMHYMFATRBZC7W,Skipfire
01HQY4F1KET8TYY1HWFTFDZKPG,Talane
01HQY4F1KENCA4ZNYAHN2V7E42,Yakijo
01HQY4F1KEAZ78ZFEGZ9Q775D4,Fivebridge
01HQY4F1KEGKGABQDGQ1R1Z447,Blogpad
01HQY4F1KF8H3QEJXFE70SNYRP,Yodo
01HQY4F1KFFYSP31VRY5Q9CEDR,Jabbercube
01HQY4F1KF9E6GTXPPKBMK03FS,Katz
01HQY4F1KFMBZJSK6GQAQWQY5B,Meembee
01HQY4F1KGVYA24M98BEEDMRGM,Jaxworks
01HQY4F1KGJVZFG9EAZEPCPEF0,Jatri
01HQY4F1KGNJPD9DKCAYCNZ7W5,Oloo
01HQY4F1KGEFGZ8F6Z75TSR6DX,Twitterbridge
01HQY4F1KHD90B8M3BSVMD2HZK,Skyba
01HQY4F1KHEWA6HAGTPMEH654A,Dabshots
01HQY4F1KH7VV66NCPJK7G7145,Kare
01HQY4F1KHY94CQ6FRP6NXFAX7,Feedspan
01HQY4F1KJZR5MERHHMAYFPW00,Mudo
01HQY4F1KJ68EC2PTYM1DFYVB5,Einti
01HQY4F1KJFA6SV9RYBS5WPZ24,Cogilith
01HQY4F1KJNS9FNCHB8EX4R58Y,Edgeclub
01HQY4F1KKN491N6VAQVXPSXVN,Einti
01HQY4F1KKJRWG14KGBGNB8XKX,Mymm
01HQY4F1KKATTG05CTS8XQGEQD,Myworks
01HQY4F1KMCQNDF4PMF5H7YNJ3,Twiyo
01HQY4F1KMJKQB270J306N5EFK,Zoonoodle
01HQY4F1KM3PNFKGA0V617GKJ9,Skidoo
01HQY4F1KMZ74MSXSW0VN155HG,Reallinks
01HQY4F1KNMFM480SX2Z57KQWJ,Quamba
01HQY4F1KNMR1DJPAZ7HTJ45XN,Latz
01HQY4F1KNGRAWZ8SZEG097AWW,Meezzy
01HQY4F1KNZBT9BS8CE8435ZFP,Photospace
01HQY4F1KPPX2X90DQVT36KX5P,Pixope
01HQY4F1KP1RFSV41SHD6CNRCW,Dynabox
01HQY4F1KPHVM4D4JR1R7K1N7C,Jazzy
01HQY4F1KPZMBQPXX6NE06FEXZ,Latz
01HQY4F1KPXCB9NPRB7BJV3CDR,Babbleblab
01HQY4F1KQFG8Q3GEC10E7V1HM,Yabox
01HQY4F1KQRHYTHM3NE1V50M1H,Voomm
01HQY4F1KQK68CME2J95ST989B,Tazzy
01HQY4F1KR9912ZTGM6YG6TBFW,Youspan
01HQY4F1KR6B0HQPGWZPVRJTZ5,Quimba
01HQY4F1KRSNSF7VPRJWQB895T,Thoughtworks
01HQY4F1KRY510RTEE2MHWT97R,Wordify
01HQY4F1KR7KVKDQTB2CDP3VD0,Jazzy
01HQY4F1KS587KHYYM3JP772K2,Babblestorm
01HQY4F1KSQ4X7CN7YABDF1F0G,Youtags
01HQY4F1KS6DJTGSB9WY1Y4B5Q,Voonte
01HQY4F1KSV0PW26HAWVDMYJ0P,Podcat
01HQY4F1KTJGBN9QB2FVECCD3F,Tekfly
01HQY4F1KTTVY1YM1ZAMPGP66N,Mita
01HQY4F1KTD55SYC08WZ3410WP,Browseblab
01HQY4F1KTGG0WCW2SH8FCMM4G,Podcat
01HQY4F1KVW1FK5ACZ1DCRFFYG,Wikido
